year,state_var,cdc_var,is_primary,source,score,notes
2012,ADIAG,ASTHNOW,1,second_pass_alt,1.657142857142857,original top ASTILL was wrong
2012,AGE,AGE,1,review_keep,2.9,
2012,ALCOHOLX,ALCDAY5,1,review_keep,1.05,
2012,ALCOHOLX,AVEDRNK2,0,review_keep,0.6214285714285714,
2012,ANYINSURX,HLTHPLN1,1,review_keep,1.509090909090909,
2012,ARTHRIT2,HAVARTH3,1,review_keep,1.65,
2012,BEXAM,PROFEXAM,1,review_keep,1.309090909090909,
2012,BEXAMLNG,LENGEXAM,1,second_pass_alt,1.478571428571429,original top HOWLONG was wrong
2012,CANCERTYPE,CNCRTYP1,1,review_keep,1.313333333333333,
2012,CASTILL,CASTHNO2,1,review_keep,2.3,
2012,CHECKUP,CHECKUP1,1,review_keep,1.464285714285714,
2012,CHEW,USENOW3,1,review_keep,1.754285714285714,
2012,COPD,CHCCOPD1,1,review_keep,1.657142857142857,
2012,COPD,HAVHPAD,0,research_followup,0,"unverified, COPD topic match only - HAVHPAD is 'Lung problems other than asthma'"
2012,COPDHOSP,COPDHOSP,1,review_keep,3.388888888888889,
2012,COPDMEDS,COPDMEDS,1,review_keep,2.8,
2012,COPDQUAL,COPDQOL,1,review_keep,1.9,
2012,COPDSYMP,COPDDOC,1,review_keep,1.709090909090909,
2012,COPDTEST,COPDTEST,1,review_keep,3.5,
2012,COSIG,HADSIGM3,1,review_keep,1.25,
2012,COSIGLST,LASTSIG3,1,review_keep,1.55,
2012,COSTOOLW,LSTBLDS3,1,second_pass_alt,1.621428571428571,original top HOWLONG was wrong
2012,COTYPE,HADSGCO1,1,review_keep,1,
2012,CSBMM,RCSBIRTH,1,review_keep,1.15,
2012,CSGENDER,RCSGENDR,1,review_keep,1.78,
2012,CSHISP,RCHISLAT,1,review_keep,1.75,
2012,CSRACE1,RCSBRACE,1,review_keep,1.65,
2012,CSRACEA,RCSRACE,1,review_keep,1.619047619047619,
2012,CSRELATE,RCSRLTN2,1,review_keep,1.45,
2012,CTYANSI,CTYCODE1,1,review_keep,1.170512821,
2012,CVANGINA,CVDCRHD4,1,review_keep,1.2,
2012,CVATTACK,CVDINFR4,1,review_keep,1.7,
2012,DEATTEN3,DIABEDU,1,review_keep,2.25,
2012,DENTLOST,RMVTETH3,1,review_keep,1.416666666666667,
2012,DENTVISI,LASTDEN3,1,review_keep,1.423809523809524,
2012,DEPCARE,MISPHLPF,1,review_keep,1.521428571428572,
2012,DEPCHEER,MISDEPRD,1,review_keep,1.624603174603175,
2012,DEPEFFT,MISEFFRT,1,review_keep,1.774603174603175,
2012,DEPHOPE,MISHOPLS,1,review_keep,1.710714285714286,
2012,DEPMED,MISTMNT,1,review_keep,1.323076923076923,
2012,DEPNERV,MISNERVS,1,review_keep,1.885714285714286,
2012,DEPNORM,MISTRHLP,1,review_keep,1.571428571428572,
2012,DEPRESS,ADDEPEV2,1,review_keep,1.75,
2012,DEPREST,MISRSTLS,1,review_keep,1.685714285714286,
2012,DEPSTOP,MISNOWRK,1,review_keep,0.9388888888888888,
2012,DEPWORTH,MISWTLES,1,review_keep,1.635714285714286,
2012,DHISPALA,HISPANC2,1,review_keep,1.8,
2012,DIABETES,DIABETE3,1,review_keep,2.016666666666667,
2012,DIAGE,DIABAGE2,1,review_keep,1.75,
2012,DICHKEYE,EYEEXAM,1,review_keep,1.457142857142857,
2012,DICHKEYE,VIEYEXM2,0,review_keep,1.35,
2012,DICHKNUM,DOCTDIAB,1,review_keep,1,
2012,DIFCHKH,FEETCHK2,1,review_keep,1.15,
2012,DIFEETCK,FEETCHK,1,review_keep,1.25,
2012,DIHEMNU2,CHKHEMO3,1,review_keep,1.016666666666667,
2012,DIINSUSE,INSULIN,1,review_keep,1.55,
2012,DIRETINA,DIABEYE,1,second_pass_alt,1.533333333333333,original top DIABETES was wrong
2012,DISUGOFT,BLDSUGAR,1,review_keep,1.1,
2012,DRACBEST,ORACE2,1,review_keep,1.644444444444444,
2012,DRINKDRI,DRNKDRI2,1,review_keep,0.9363636363636364,
2012,DRINKGEN,DRNK3GE5,1,review_keep,1,
2012,DRKMOST,MAXDRNKS,1,review_keep,1.05,
2012,DRNKANY5,DRNKANY5,1,review_keep,2.6,
2012,EDUCA,EDUCA,1,review_keep,2.971428571428572,
2012,EMPLOY,EMPLOY,1,review_keep,2.933333333333333,
2012,EXERANY2,EXERANY2,1,review_keep,3,
2012,FLSHTMY2,FLSHTMY2,1,review_keep,2.757142857142857,
2012,FLSHTMY2,RCVFVCH4,0,review_keep,0.8571428571428571,
2012,FLUSHCH2,FLUSHCH2,1,review_keep,2.7,
2012,FLUSHCH2,FLUSHOT5,0,review_keep,1.25,
2012,HADMAM,HADMAM,1,review_keep,3.1,
2012,HCPERDOC,PERSDOC2,1,review_keep,1.84,
2012,HEIGHT,HEIGHT3,1,review_keep,1.342857142857143,
2012,HIVRISK,HIVRISK3,1,review_keep,1.825,
2012,HIVTEST1,HIVTST6,1,review_keep,1.4,
2012,HIVTSTD3,HIVTSTD3,1,review_keep,2.9,
2012,HOWLONG,HOWLONG,1,review_keep,3.7,
2012,HPVEVER,HPVADVC2,1,review_keep,1.36,
2012,HPVNO,HPVADSHT,1,review_keep,0.9,
2012,HSTATUS,GENHLTH,1,review_keep,1.457142857142857,
2012,HTIN4,HTIN4,1,review_keep,2.65,
2012,HTM4,HTM4,1,review_keep,2.65,
2012,HYSTER,HADHYST2,1,review_keep,1.75,
2012,ILL30D,PHYSHLTH,1,review_keep,0.8888888888888888,
2012,IMMWHERE,IMFVPLAC,1,review_keep,1.295,
2012,INCAP30D,POORHLTH,1,review_keep,0.8888888888888888,
2012,INCOME,INCOME2,1,review_keep,1.582857142857143,
2012,INJFALLI,FALLINJ2,1,review_keep,0.9,
2012,KIDNEY,CHCKIDNY,1,review_keep,1.8,
2012,LACT2,QLACTLM2,1,review_keep,1.85,
2012,LHLTHPRO,USEEQUIP,1,review_keep,1.433333333333334,
2012,MARITAL,MARITAL,1,review_keep,1.971428571428572,
2012,MENT30D,MENTHLTH,1,review_keep,1.109090909090909,
2012,MILITSTATUS,VETERAN3,1,review_keep,1.318881118881119,
2012,NOSEEINS,MEDCOST,1,review_keep,1.53,
2012,NOSLEEP,QLREST2,1,review_keep,1,
2012,OTHERCANCER,CHCOCNCR,1,review_keep,1.781818181818182,
2012,OWNORRENT,RENTHOM1,1,review_keep,1.684444444444445,
2012,PAPEXAM,HADPAP2,1,review_keep,1.257142857142857,
2012,PAPLNG,LASTPAP2,1,review_keep,1.671428571428572,
2012,PNEU,PNEUVAC3,1,review_keep,1.8,
2012,POSADV,PCPSAAD1,1,second_pass_alt,1.747368421052632,original top POSATX was wrong
2012,POSALNG,PSATIME,1,second_pass_alt,1.542857142857143,original top HOWLONG was wrong
2012,POSATX,PSATEST1,1,review_keep,1.35,
2012,POSDISADV,PCPSADI1,1,second_pass_alt,1.733333333333333,original top POSATX was wrong
2012,POSREASON,PCPSARS1,1,review_keep,1.493650793650794,
2012,POSREC,PCPSARE1,1,review_keep,1.4,
2012,PREDIABTEST,PDIABTST,1,review_keep,1.890909090909091,
2012,PREDIABX,PREDIAB1,1,review_keep,1.99,
2012,RACE2,RACE2,1,review_keep,2.488888888888889,
2012,SEATBELT,SEATBELT,1,review_keep,3.4,
2012,SEX,SEX,1,review_keep,2.65,
2012,SKINCANCER,CHCSCNCR,1,review_keep,1.76,
2012,SLEEPDAYS,SLEPDAY,1,review_keep,1.311111111111111,
2012,SLEEPHRSX,SLEPTIME,1,review_keep,1.177777777777778,
2012,SLEEPSNORE,SLEPSNOR,1,review_keep,1.72,
2012,SLEEPYDRIVE,SLEPDRIV,1,review_keep,1.690909090909091,
2012,SMKLASTPUFFX,LASTSMK2,1,review_keep,1.522424242424242,
2012,SMKQTYN,STOPSMK2,1,review_keep,1.05,
2012,SMOKE,SMOKDAY2,1,review_keep,1.52,
2012,SMOKE100,SMOKE100,1,review_keep,3.1,
2012,VISIONX,CHCVISN1,1,review_keep,1.74,
2012,WEIGHT,WEIGHT2,1,review_keep,1.342857142857143,
2012,WTKG3,WTKG3,1,review_keep,2.65,
2012,chldcnt,CHILDREN,1,review_keep,1.2,
2013,ACTHRS,EXERHMM1,1,review_keep,1.05,
2013,ACTHRS,EXERHMM2,0,review_keep,1.05,
2013,ACTSTRENGTHX,STRENGTH,1,review_keep,1.166666666666667,
2013,ACTTIMESTWO,EXEROFT1,1,review_keep,1.036363636363636,
2013,ACTTIMESTWO,EXEROFT2,0,review_keep,1.036363636363636,
2013,ACTTYPETWX,EXRACT21,1,review_keep,1.688101265822785,
2013,ACTTYPEX,EXRACT11,1,review_keep,1.648101265822785,
2013,ADIAG,ASTHMA3,1,second_pass_alt,1.594285714285714,original top ASTILL was wrong
2013,ANYINSURX,HLTHPLN1,1,review_keep,1.509090909090909,
2013,ANYPHONS,NUMHHOL2,1,review_keep,1.3,
2013,ARCANDO,ARTTODAY,1,review_keep,1.816666666666667,
2013,ARCLASS,ARTHEDU,1,review_keep,1.614285714285714,
2013,ARDAYS,JOINPAIN,1,review_keep,0.8500000000000001,
2013,AREXER,ARTHEXER,1,review_keep,1.816666666666667,
2013,ARLIMIT2,LMTJOIN3,1,review_keep,1.65,
2013,ARNORM,ARTHSOCL,1,review_keep,1.456666666666667,
2013,ARTHRIT2,HAVARTH3,1,review_keep,1.65,
2013,ARWEIGHT,ARTHWGT,1,review_keep,1.8,
2013,ARWORK,ARTHDIS2,1,review_keep,1.7,
2013,ASTILL,ASTHNOW,1,review_keep,1.771428571428572,
2013,BLIND,BLIND,1,review_keep,3.255,
2013,CASTILL,CASTHNO2,1,review_keep,1.8,
2013,CELLPERCENT,CPDEMO4,1,review_keep,1.072727272727273,
2013,CELLPERSBIZ,CPDEMO1,1,review_keep,1.272727272727273,
2013,CHCHECKL,CHOLCHK,1,review_keep,1.558333333333333,
2013,CHECKUP,CHECKUP1,1,review_keep,1.807142857142857,
2013,CHEW,USENOW3,1,review_keep,1.754285714285714,
2013,CHHICHEC,BLOODCHO,1,review_keep,1.21,
2013,CHHIDIAG,TOLDHI2,1,review_keep,1.65,
2013,CHTKEMED,BPMEDS,1,review_keep,1.7,
2013,COGNITIVE,DECIDE,1,review_keep,1.588888888888889,
2013,COPD,CHCCOPD1,1,second_pass_alt,1.657142857142857,original top OTHERCANCER was wrong
2013,COSIG,HADSIGM3,1,review_keep,1.21,
2013,COSIGLST,LASTSIG3,1,review_keep,1.55,
2013,COSTOOLT,BLDSTOOL,1,review_keep,1.776666666666667,
2013,COSTOOLW,LSTBLDS3,1,review_keep,1.621428571428571,
2013,COTYPE,HADSGCO1,1,review_keep,1,
2013,CSBMM,RCSBIRTH,1,review_keep,1.15,
2013,CSBMM,RCSGENDR,0,second_pass_alt,1.1,original top CSGENDER was wrong
2013,CSRACE1,RCSBRAC1,1,review_keep,1.25,
2013,CSRELATE,RCSRLTN2,1,review_keep,1.45,
2013,CVANGINA,CVDCRHD4,1,review_keep,1.2,
2013,CVASPNATTACK,RDUCHART,1,review_keep,1.666666666666667,
2013,CVASPNPAIN,RLIVPAIN,1,review_keep,1.76,
2013,CVASPNSF,ASPUNSAF,1,review_keep,1.057142857142857,
2013,CVASPNSTROKE,RDUCSTRK,1,review_keep,1.733333333333333,
2013,CVASPRN,CVDASPRN,1,review_keep,1.95,
2013,CVATTACK,CVDINFR4,1,review_keep,1.7,
2013,CVREHABHX,HAREHAB1,1,review_keep,1.822222222222222,
2013,CVREHABSX,STREHAB1,1,review_keep,1.822222222222222,
2013,DEATTEN3,DIABEDU,1,review_keep,2.25,
2013,DEPRESS,ADDEPEV2,1,review_keep,1.75,
2013,DIABETES,DIABETE3,1,review_keep,2.016666666666667,
2013,DIAGE,DIABAGE2,1,review_keep,1.75,
2013,DICHKEYE,EYEEXAM,1,review_keep,1.457142857142857,
2013,DICHKNUM,DOCTDIAB,1,review_keep,1,
2013,DIFCHKH,FEETCHK2,1,review_keep,1.15,
2013,DIFEETCK,FEETCHK,1,review_keep,1.25,
2013,DIHEMNU2,CHKHEMO3,1,review_keep,1.016666666666667,
2013,DIINSUSE,INSULIN,1,review_keep,1.75,
2013,DIRETINA,DIABEYE,1,second_pass_alt,1.533333333333333,original top DIABETES was wrong
2013,DISUGOFT,BLDSUGAR,1,review_keep,1.1,
2013,DRINKGEN,DRNK3GE5,1,review_keep,1,
2013,DRKMOST,MAXDRNKS,1,review_keep,1.05,
2013,DRNKANY5,DRNKANY5,1,review_keep,2.866666666666666,
2013,EDUCA,EDUCA,1,review_keep,2.971428571428572,
2013,EMPLOY,EMPLOY1,1,review_keep,1.876190476190476,
2013,ERRANDS,DIFFALON,1,review_keep,1.566666666666667,
2013,EXERANY2,EXERANY2,1,review_keep,2.56,
2013,FLSHTMY2,FLSHTMY2,1,review_keep,2.757142857142857,
2013,FREQBEANSX,FVBEANS,1,review_keep,1.149090909090909,
2013,FREQFRUITX,FRUIT1,1,review_keep,1.2,
2013,FREQGREENSX,FVGREEN,1,review_keep,1.018181818181818,
2013,FREQJUICEX,FRUITJU1,1,review_keep,1.008888888888889,
2013,FREQORANGEX,FVORANG,1,review_keep,0.8181818181818181,
2013,FREQVEGSX,VEGETAB1,1,review_keep,0.9333333333333332,
2013,HADMAM,HADMAM,1,review_keep,3.06,
2013,HCBARRIER,DELAYMED,1,review_keep,1.355555555555555,
2013,HCBILLS,MEDBILLS,1,review_keep,1.85,
2013,HCMEDS,MEDSCOST,1,review_keep,1.32,
2013,HCNOLONG,LSTCOVRG,1,review_keep,1.735714285714286,
2013,HCPERDOC,PERSDOC2,1,review_keep,1.84,
2013,HCPLAN1,HLTHCVRG,1,review_keep,1.068181818181818,
2013,HCSAT,CARERCVD,1,review_keep,1.233333333333333,
2013,HCVISIT,DRVISITS,1,review_keep,1.138888888888889,
2013,HEIGHT,HEIGHT3,1,review_keep,1.342857142857143,
2013,HIVTEST1,HIVTST6,1,review_keep,1.68,
2013,HIVTSTD3,HIVTSTD3,1,review_keep,2.9,
2013,HOWLONG,HOWLONG,1,review_keep,3.471428571428572,
2013,HSTATUS,GENHLTH,1,review_keep,1.457142857142857,
2013,HTIN4,HTIN4,1,review_keep,2.65,
2013,HTM4,HTM4,1,review_keep,2.5,
2013,ILL30D,PHYSHLTH,1,review_keep,0.8888888888888888,
2013,IMMFLU,FLUSHOT6,1,review_keep,1.048888888888889,
2013,INCAP30D,POORHLTH,1,review_keep,0.8888888888888888,
2013,INCOME,INCOME2,1,review_keep,1.582857142857143,
2013,INTERNET,INTERNET,1,review_keep,3.242857142857143,
2013,KIDNEY,CHCKIDNY,1,review_keep,1.8,
2013,LACT2,QLACTLM2,1,review_keep,1.85,
2013,LHLTHPRO,USEEQUIP,1,review_keep,1.433333333333334,
2013,MARITAL,MARITAL,1,review_keep,1.9,
2013,MENT30D,MENTHLTH,1,review_keep,1.109090909090909,
2013,MILITSTATUS,VETERAN3,1,review_keep,1.318881118881119,
2013,MOBILITY,DIFFWALK,1,review_keep,1.6,
2013,NOSEEINS,MEDCOST,1,review_keep,1.53,
2013,NUMPHONS,NUMPHON2,1,review_keep,1.35,
2013,OTHERCANCER,CHCOCNCR,1,review_keep,1.781818181818182,
2013,OWNORRENT,RENTHOM1,1,review_keep,1.684444444444445,
2013,PERSCARE,DIFFDRES,1,review_keep,1.65,
2013,PNEU,PNEUVAC3,1,review_keep,1.8,
2013,PREDIABTEST,PDIABTST,1,review_keep,1.890909090909091,
2013,PREDIABX,PREDIAB1,1,review_keep,1.99,
2013,PREGNANT,PREGNANT,1,review_keep,3,
2013,SALTADER,DRADVISE,1,review_keep,1.55,
2013,SEATBELT,SEATBELT,1,review_keep,3.3,
2013,SEX,SEX,1,review_keep,2.65,
2013,SKINCANCER,CHCSCNCR,1,review_keep,1.76,
2013,SLEEPHOURS,SLEPTIM1,1,review_keep,1.16,
2013,SMKLASTPUFFX,LASTSMK2,1,review_keep,1.522424242424242,
2013,SMKQTYN,STOPSMK2,1,review_keep,1.05,
2013,SMOKE,SMOKDAY2,1,review_keep,1.52,
2013,SMOKE100,SMOKE100,1,review_keep,3.1,
2013,TESTWHERE1,WHRTST10,1,review_keep,1.593846153846154,
2013,TETANUS,TETANUS,1,review_keep,3.384848484848485,
2013,WEIGHT,WEIGHT2,1,review_keep,1.342857142857143,
2013,WTKG3,WTKG3,1,review_keep,2.65,
2013,chldcnt,CHILDREN,1,review_keep,1.2,
2014,ABSIADVICE,ASBIADVC,1,review_keep,1.84,
2014,ABSIAMT,ASBIDRNK,1,review_keep,1.7,
2014,ABSIBINGE,ASBIBING,1,review_keep,1.766666666666667,
2014,ABSIDRINK,ASBIALCH,1,review_keep,1.355555555555556,
2014,ABSIQUIT,ASBIRDUC,1,review_keep,1.7,
2014,ANYINSURX,HLTHPLN1,1,review_keep,1.516666666666667,
2014,ANYPHONS,NUMHHOL2,1,review_keep,1.3,
2014,ARTHRIT2,HAVARTH3,1,review_keep,1.65,
2014,ASTILL,ASTHNOW,1,second_pass_top,1.771428571428572,second-pass confirmed top after all
2014,BEXAM,PROFEXAM,1,review_keep,1.309090909090909,
2014,BEXAMLNG,LENGEXAM,1,review_keep,1.735714285714286,
2014,BLIND,BLIND,1,review_keep,3.5,
2014,CANCERTYPE,CNCRTYP1,1,review_keep,1.788333333333333,
2014,CASTILL,CASTHNO2,1,review_keep,1.8,
2014,CELLPERSBIZ,CPDEMO1,1,review_keep,1.272727272727273,
2014,CHECKUP,CHECKUP1,1,review_keep,1.692857142857143,
2014,CHEW,USENOW3,1,review_keep,1.754285714285714,
2014,COGNITIVE,DECIDE,1,review_keep,1.588888888888889,
2014,COLOAGE,CNCRAGE,1,review_keep,1.428571428571429,
2014,COPD,CHCCOPD1,1,review_keep,1.657142857142857,
2014,COSIG,HADSIGM3,1,review_keep,1.25,
2014,COSIGLST,LASTSIG3,1,review_keep,1.65,
2014,COSTOOLT,BLDSTOOL,1,review_keep,1.9,
2014,COSTOOLW,LSTBLDS3,1,review_keep,1.735714285714286,
2014,COTYPE,HADSGCO1,1,review_keep,1,
2014,CSRELATE,RCSRLTN2,1,review_keep,1.65,
2014,CVANGINA,CVDSTRK3,1,review_keep,1.128571428571429,
2014,CVATTACK,CVDCRHD4,0,review_keep,1.245454545454546,
2014,CVATTACK,CVDINFR4,1,review_keep,1.5,
2014,DENTLOST,RMVTETH3,1,review_keep,1.416666666666667,
2014,DENTVISI,LASTDEN3,1,review_keep,1.658791208791209,
2014,DEPRESS,ADDEPEV2,1,review_keep,1.75,
2014,DIABETES,DIABETE3,1,review_keep,1.483333333333333,
2014,DIAGE,DIABAGE2,1,review_keep,2.15,
2014,DKIDTOT,CHILDREN,1,review_keep,1.9,
2014,DRINKDRI,DRNKDRI2,1,review_keep,1.833333333333333,
2014,DRINKGEN,DRNK3GE5,1,review_keep,1.533333333333333,
2014,DRKMOST,MAXDRNKS,1,review_keep,1.316666666666667,
2014,DRNKANY5,DRNKANY5,1,review_keep,2.866666666666666,
2014,EDUCAX,EDUCA,1,review_keep,1.733333333333333,
2014,EMPLOY,EMPLOY1,1,review_keep,2.053968253968254,
2014,ERRANDS,DIFFALON,1,review_keep,1.566666666666667,
2014,FALL12MN,FALL12MN,1,review_keep,2.9,
2014,FALLINJ2,FALLINJ2,1,review_keep,3.233333333333333,
2014,FLSHTMY2,FLSHTMY2,1,review_keep,2.757142857142857,
2014,HADMAM,HADMAM,1,review_keep,3.1,
2014,HCBARRIER,DELAYMED,1,review_keep,1.177777777777778,
2014,HCBILLS,MEDBILL1,1,review_keep,1.8,
2014,HCMEDICARE,MEDICARE,1,review_keep,1.551746031746032,
2014,HCMEDS,MEDSCOST,1,review_keep,1.249450549450549,
2014,HCNOLONG,LSTCOVRG,1,review_keep,1.735714285714286,
2014,HCPERDOC,PERSDOC2,1,review_keep,1.84,
2014,HCSAT,CARERCVD,1,review_keep,1.5,
2014,HCSOURCEX,HLTHCVR1,1,review_keep,1.524444444444444,
2014,HCVISIT,DRVISITS,1,review_keep,1.405555555555555,
2014,HEIGHT,HEIGHT3,1,review_keep,1.742857142857143,
2014,HIVTEST1,HIVTST6,1,review_keep,1.409090909090909,
2014,HIVTSTD3,HIVTSTD3,1,review_keep,2.9,
2014,HOWLONG,HOWLONG,1,review_keep,3.585714285714285,
2014,HSTATUS,GENHLTH,1,review_keep,1.457142857142857,
2014,HTIN4,HTIN4,1,review_keep,2.65,
2014,HTM4,HTM4,1,review_keep,2.65,
2014,HYSTER,HADHYST2,1,review_keep,1.75,
2014,ILL30D,PHYSHLTH,1,review_keep,1.422222222222222,
2014,IMMFLU,FLUSHOT6,1,review_keep,1.022222222222222,
2014,INCAP30D,POORHLTH,1,review_keep,1.433333333333333,
2014,INCOME,INCOME2,1,review_keep,1.476190476190476,
2014,INTERNET,INTERNET,1,review_keep,3.5,
2014,KIDNEY,CHCKIDNY,1,review_keep,1.8,
2014,LACT2,QLACTLM2,1,review_keep,1.85,
2014,LHLTHPRO,USEEQUIP,1,review_keep,1.433333333333334,
2014,MARITAL,MARITAL,1,review_keep,2,
2014,MENT30D,MENTHLTH,1,review_keep,1.642424242424243,
2014,MENT30D,QLMENTL2,0,review_keep,0.8261904761904761,
2014,MILITSTATUS,VETERAN3,1,review_keep,1.518881118881119,
2014,MOBILITY,DIFFWALK,1,review_keep,1.6,
2014,NALCOCC,AVEDRNK2,1,review_keep,1.257142857142857,
2014,NOSEEINS,MEDCOST,1,review_keep,1.53,
2014,NUMPHONS,NUMPHON2,1,review_keep,1.45,
2014,OTHERCANCER,CHCOCNCR,1,review_keep,1.781818181818182,
2014,OWNORRENT,RENTHOM1,1,review_keep,1.684444444444445,
2014,PAPEXAM,HADPAP2,1,review_keep,1.257142857142857,
2014,PAPLNG,LASTPAP2,1,review_keep,1.785714285714286,
2014,PERSCARE,DIFFDRES,1,review_keep,1.65,
2014,PNEU,PNEUVAC3,1,review_keep,1.6,
2014,POSADV,PCPSAAD2,1,review_keep,1.8,
2014,POSALNG,PSATIME,1,review_keep,1.8,
2014,POSATX,PSATEST1,1,review_keep,1.35,
2014,POSDISADV,PCPSADI1,1,second_pass_alt,1.733333333333333,original top POSATX was wrong
2014,POSREASON,PCPSARS1,1,review_keep,1.774603174603175,
2014,POSREC,PCPSARE1,1,review_keep,1.8,
2014,PREDIABTEST,PDIABTST,1,review_keep,1.890909090909091,
2014,PREDIABX,PREDIAB1,1,review_keep,1.99,
2014,SALTADER,DRADVISE,1,review_keep,1.65,
2014,SALTLONG,LONGWTCH,1,review_keep,1.533333333333333,
2014,SALTWATCH,WTCHSALT,1,review_keep,1.244444444444444,
2014,SEATBELT,SEATBELT,1,review_keep,3.6,
2014,SEX,SEX,1,review_keep,2.65,
2014,SKINCANCER,CHCSCNCR,1,review_keep,1.76,
2014,SLEEPHOURS,SLEPTIM1,1,review_keep,1.293333333333333,
2014,SMKLASTPUFFX,LASTSMK2,1,review_keep,1.442424242424242,
2014,SMKQTYN,STOPSMK2,1,review_keep,1.05,
2014,SMOKE,SMOKDAY2,1,review_keep,1.52,
2014,SMOKE100,SMOKE100,1,review_keep,3.1,
2014,SXORIENT,SXORIENT,1,review_keep,2.214285714285714,
2014,TESTWHERE1,WHRTST10,1,review_keep,1.427179487179487,
2014,WEIGHT,WEIGHT2,1,review_keep,1.742857142857143,
2014,WTKG3,WTKG3,1,review_keep,2.65,
2014,ZOSTER,SHINGLE2,1,review_keep,1.65,
2015,ACTHRS,EXERHMM1,1,review_keep,1.45,
2015,ACTHRS,EXERHMM2,0,review_keep,1.45,
2015,ACTSTRENGTHX,STRENGTH,1,review_keep,1.7,
2015,ACTTIMESTWO,EXEROFT1,1,review_keep,1.436363636363637,
2015,ACTTIMESTWO,EXEROFT2,0,review_keep,1.436363636363637,
2015,ACTTYPETWX,EXRACT21,1,review_keep,1.768205128205128,
2015,ACTTYPEX,EXRACT11,1,review_keep,1.737662337662338,
2015,ADIAG,ASTHMA3,1,second_pass_alt,1.714285714285714,original top ASTILL was wrong
2015,ALCOHOLX,ALCDAY5,1,review_keep,1.05,
2015,ANYINSURX,HLTHPLN1,1,review_keep,1.509090909090909,
2015,ANYPHONS,NUMHHOL2,1,review_keep,1.238181818181818,
2015,ARCANDO,ARTTODAY,1,review_keep,1.816666666666667,
2015,ARCLASS,ARTHEDU,1,review_keep,1.614285714285714,
2015,ARDAYS,JOINPAIN,1,review_keep,1.359090909090909,
2015,AREXER,ARTHEXER,1,review_keep,1.816666666666667,
2015,ARLIMIT2,LMTJOIN3,1,review_keep,1.392857142857143,
2015,ARNORM,ARTHSOCL,1,review_keep,1.54,
2015,ARWEIGHT,ARTHWGT,1,review_keep,1.8,
2015,ARWORK,ARTHDIS2,1,review_keep,1.7,
2015,ASTILL,ASTHNOW,1,review_keep,1.771428571428572,
2015,BEXAM,PROFEXAM,1,review_keep,1.309090909090909,
2015,BEXAMLNG,LENGEXAM,1,review_keep,1.735714285714286,
2015,BLIND,BLIND,1,review_keep,3.5,
2015,CAREDIFF,CRGVMST2,1,review_keep,1.65,
2015,CAREEXPECT,CRGVEXPT,1,review_keep,1.716666666666667,
2015,CAREHOURS,CRGVHRS1,1,review_keep,1.8,
2015,CARELENGTH,CRGVLNG1,1,review_keep,1.731428571428572,
2015,CAREPERS,CRGVPERS,1,review_keep,1.85,
2015,CAREPROB,CRGVPRB1,1,review_keep,1.683333333333333,
2015,CARERELATION,CRGVREL1,1,review_keep,1.886274509803922,
2015,CARETASKS,CRGVHOUS,1,review_keep,1.733333333333333,
2015,CASTILL,CASTHNO2,1,review_keep,1.8,
2015,CELLPERSBIZ,CPDEMO1,1,review_keep,1.672727272727273,
2015,CHCHECKL,CHOLCHK,1,review_keep,1.816666666666667,
2015,CHECKUP,CHECKUP1,1,review_keep,1.442857142857143,
2015,CHEW,USENOW3,1,review_keep,1.754285714285714,
2015,CHHICHEC,BLOODCHO,1,review_keep,1.65,
2015,CHHIDIAG,TOLDHI2,1,review_keep,1.65,
2015,CHHIPRES,BPHIGH4,1,review_keep,1.233333333333333,
2015,CHTKEMED,BPMEDS,1,review_keep,1.7,
2015,COGDAY,CDHOUSE,1,review_keep,1.642857142857143,
2015,COGFREQ,CDHELP,1,review_keep,1.742857142857143,
2015,COGHELP,CDASSIST,1,review_keep,1.392857142857143,
2015,COGLOSS,CIMEMLOS,1,review_keep,1.25,
2015,COGNITIVE,DECIDE,1,review_keep,1.588888888888889,
2015,COGPROF,CDDISCUS,1,review_keep,1.65,
2015,COGWORK,CDSOCIAL,1,review_keep,1.644805194805195,
2015,COPD,CHCCOPD1,1,review_keep,1.8,
2015,COPD,HAVARTH3,0,second_pass_alt,1.6,original top ARTHRIT2 was wrong
2015,COSIG,HADSIGM3,1,review_keep,1.25,
2015,COSIGLST,LASTSIG3,1,review_keep,1.75,
2015,COSTOOLT,BLDSTOOL,1,review_keep,1.816666666666667,
2015,COSTOOLW,LSTBLDS3,1,review_keep,1.735714285714286,
2015,COTYPE,HADSGCO1,1,review_keep,1.5,
2015,CSGENDER,RCSGENDR,1,review_keep,2.1,
2015,CSRELATE,RCSRLTN2,1,review_keep,1.15,
2015,CVANGINA,CVDCRHD4,1,review_keep,1.2,
2015,CVASPNATTACK,RDUCHART,1,review_keep,1.666666666666667,
2015,CVASPNPAIN,RLIVPAIN,1,review_keep,1.76,
2015,CVASPNSF,ASPUNSAF,1,review_keep,1.2,
2015,CVASPNSTROKE,RDUCSTRK,1,review_keep,1.733333333333333,
2015,CVASPRN,CVDASPRN,1,review_keep,1.783333333333333,
2015,CVATTACK,CVDINFR4,1,review_keep,1.7,
2015,CVREHABHX,HAREHAB1,1,review_keep,1.822222222222222,
2015,CVREHABSX,STREHAB1,1,review_keep,1.822222222222222,
2015,CVSTROKE,CVDSTRK3,1,review_keep,1.183333333333333,
2015,DEPRESS,ADDEPEV2,1,review_keep,1.75,
2015,DIABETES,DIABETE3,1,review_keep,1.616666666666667,
2015,DIAGE,DIABAGE2,1,review_keep,2.15,
2015,DKIDTOT,CHILDREN,1,review_keep,1.9,
2015,DRINKGEN,DRNK3GE5,1,review_keep,1.601515151515152,
2015,DRKMOST,MAXDRNKS,1,review_keep,1.316666666666667,
2015,DRNKANY5,DRNKANY5,1,review_keep,2.866666666666666,
2015,EDUCAX,EDUCA,1,review_keep,1.833333333333333,
2015,EMPLOY,EMPLOY1,1,review_keep,2.053968253968254,
2015,ERRANDS,DIFFALON,1,review_keep,1.566666666666667,
2015,EXERANY2,EXERANY2,1,review_keep,3.333333333333333,
2015,FREQBEANSX,FVBEANS,1,review_keep,1.64,
2015,FREQFRUITX,FRUIT1,1,review_keep,1.6,
2015,FREQGREENSX,FVGREEN,1,review_keep,1.618181818181818,
2015,FREQJUICEX,FRUITJU1,1,review_keep,1.52,
2015,FREQORANGEX,FVORANG,1,review_keep,1.618181818181818,
2015,FREQVEGSX,VEGETAB1,1,review_keep,1.444444444444445,
2015,HADMAM,HADMAM,1,review_keep,3.5,
2015,HCPERDOC,PERSDOC2,1,review_keep,1.763076923076923,
2015,HEIGHT,HEIGHT3,1,review_keep,1.742857142857143,
2015,HIVTEST1,HIVTST6,1,review_keep,1.8,
2015,HIVTESTM,HIVTSTD3,1,review_keep,1.25,
2015,HOWLONG,HOWLONG,1,review_keep,3.585714285714285,
2015,HSTATUS,GENHLTH,1,review_keep,1.571428571428572,
2015,HYSTER,HADHYST2,1,review_keep,1.75,
2015,ILL30D,PHYSHLTH,1,review_keep,1.422222222222222,
2015,IMMFLU,FLUSHOT6,1,review_keep,1.2,
2015,IMMMONTH,FLSHTMY2,1,review_keep,0.8333333333333334,
2015,IMMWHERE,IMFVPLAC,1,review_keep,1.348333333333333,
2015,INCAP30D,POORHLTH,1,review_keep,1.433333333333333,
2015,INCOMEX,INCOME2,1,review_keep,1.333333333333333,
2015,INTERNET,INTERNET,1,review_keep,3.5,
2015,KIDNEY,CHCKIDNY,1,review_keep,1.8,
2015,LACT2,QLACTLM2,1,review_keep,1.85,
2015,LHLTHPRO,USEEQUIP,1,review_keep,1.433333333333334,
2015,MENT30D,MENTHLTH,1,review_keep,1.642424242424243,
2015,MILITSTATUS,VETERAN3,1,review_keep,1.518881118881119,
2015,MOBILITY,DIFFWALK,1,review_keep,1.6,
2015,NALCOCC,AVEDRNK2,1,review_keep,1.257142857142857,
2015,NOSEEINS,MEDCOST,1,review_keep,1.65,
2015,NUMADULT,HHADULT,0,review_keep,1.25,
2015,NUMADULT,NUMADULT,1,review_keep,2.025,
2015,NUMPHONS,NUMPHON2,1,review_keep,1.35,
2015,OTHERCANCER,CHCOCNCR,1,review_keep,1.781818181818182,
2015,OWNORRENT,RENTHOM1,1,review_keep,1.684444444444445,
2015,PAPEXAM,HADPAP2,1,review_keep,1.257142857142857,
2015,PAPHPV,HPVADVC2,0,review_keep,0.8,
2015,PAPHPV,HPVTEST,1,review_keep,1.257142857142857,
2015,PAPHPVLNG,HPLSTTST,1,review_keep,1.73015873,
2015,PAPLNG,LASTPAP2,1,review_keep,1.785714285714286,
2015,PERSCARE,DIFFDRES,1,review_keep,1.65,
2015,PNEU,PNEUVAC3,1,review_keep,1.723076923076923,
2015,PREDIABTEST,PDIABTST,1,review_keep,1.890909090909091,
2015,PREDIABX,PREDIAB1,1,review_keep,1.99,
2015,PREGNANT,PREGNANT,1,review_keep,3,
2015,SALTADER,DRADVISE,1,review_keep,1.65,
2015,SALTLONG,LONGWTCH,1,review_keep,1.533333333333333,
2015,SALTWATCH,WTCHSALT,1,review_keep,1.244444444444444,
2015,SCFOOD,SCNTMEL1,1,review_keep,1.7,
2015,SCHOUSING,SCNTMNY1,1,review_keep,1.688888888888889,
2015,SEATBELT,SEATBELT,1,review_keep,3.5,
2015,SEX,SEX,1,review_keep,2.9,
2015,SKINCANCER,CHCSCNCR,1,review_keep,1.76,
2015,SMKLASTPUFFX,LASTSMK2,1,review_keep,1.613333333333333,
2015,SMKQTYN,STOPSMK2,1,review_keep,1.05,
2015,SMOKE,SMOKDAY2,1,review_keep,1.52,
2015,SMOKE100,SMOKE100,1,review_keep,3.5,
2015,SXORIENT,SXORIENT,1,review_keep,1.639285714285714,
2015,TESTWHERE1,WHRTST10,1,review_keep,1.527878787878788,
2015,WEIGHT,WEIGHT2,1,review_keep,1.742857142857143,
2016,ADDEPEV2,ADDEPEV2,1,review_keep,3.5,
2016,AGE,AGE,1,review_keep,2.4,
2016,ALCDAY5,ALCDAY5,1,review_keep,2.9,
2016,ASTHMA3,ASTHMA3,1,review_keep,3.1,
2016,ASTHNOW,ASTHNOW,1,review_keep,3.5,
2016,AVEDRNK2,AVEDRNK2,1,review_keep,3.157142857142857,
2016,BLDSTOOL,BLDSTOOL,1,review_keep,3.1,
2016,BLIND,BLIND,1,review_keep,3.5,
2016,CANCERTYPE,CNCRTYP1,1,review_keep,1.644285714285714,
2016,CAREGIV1,CAREGIV1,1,review_keep,2.976666666666667,
2016,CASTHDX2,CASTHDX2,1,review_keep,3.1,
2016,CASTHNO2,CASTHNO2,1,review_keep,3.5,
2016,CCLGHOUS,CCLGHOUS,1,review_keep,2.65,
2016,CDASSIST,CDASSIST,1,review_keep,3.131746031746032,
2016,CDDISCUS,CDDISCUS,1,review_keep,3.5,
2016,CDHELP,CDHELP,1,review_keep,3.585714285714285,
2016,CDHOUSE,CDHOUSE,1,review_keep,3.494805194805195,
2016,CDSOCIAL,CDSOCIAL,1,review_keep,3.502380952380952,
2016,CELLFON5,CELLFON4,0,review_keep,1.35,
2016,CELLFON5,CELLFON5,1,review_keep,2.4,
2016,CHCCOPD1,CHCCOPD1,1,review_keep,3.5,
2016,CHCKIDNY,CHCKIDNY,1,review_keep,3.5,
2016,CHCOCNCR,CHCOCNCR,1,review_keep,3.5,
2016,CHCSCNCR,CHCSCNCR,1,review_keep,3.5,
2016,CHECKUP1,CHECKUP1,1,review_keep,3.042857142857143,
2016,CHILDAGE1,CHILDAGE,1,review_keep,1.355555555555556,
2016,CHILDREN,CHILDREN,1,review_keep,3.7,
2016,CIMEMLOS,CIMEMLOS,1,review_keep,3.1,
2016,COLLEGEHOUSING,COLGHOUS,1,review_keep,1.228571428571429,
2016,CPCOUNTY,CPCOUNTY,1,review_keep,1.65,
2016,CPDEMO1,CPDEMO1,1,review_keep,3.5,
2016,CRGVEXPT,CRGVEXPT,1,review_keep,3.346153846153846,
2016,CRGVHOUS,CRGVHOUS,1,review_keep,3.5,
2016,CRGVHRS1,CRGVHRS1,1,review_keep,3.423809523809524,
2016,CRGVLNG1,CRGVLNG1,1,review_keep,3.471428571428572,
2016,CRGVMST2,CRGVMST2,1,review_keep,3.3,
2016,CRGVPERS,CRGVPERS,1,review_keep,3.5,
2016,CRGVPRB1,CRGVPRB2,1,review_keep,1.867647058823529,
2016,CRGVREL1,CRGVREL1,1,review_keep,3.605882352941177,
2016,CSBMM,RCSBIRTH,1,review_keep,1.15,
2016,CSHISPX1,RCHISLA1,1,review_keep,1.2,
2016,CTELNUM1,CTELENM1,0,review_keep,1.166666666666667,
2016,CTELNUM1,CTELNUM1,1,review_keep,2.566666666666666,
2016,CTYCODE1,CTYCODE1,1,review_keep,2.4,
2016,CVDCRHD4,CVDCRHD4,1,review_keep,3.5,
2016,CVDINFR4,CVDINFR4,1,review_keep,3.5,
2016,CVDSTRK3,CVDSTRK3,1,review_keep,3.5,
2016,DEAF,DEAF,1,review_keep,3.5,
2016,DECIDE,DECIDE,1,review_keep,3.5,
2016,DIABAGE2,DIABAGE2,1,review_keep,2.8,
2016,DIABETE3,DIABETE3,1,review_keep,3.033333333333333,
2016,DIFFALON,DIFFALON,1,review_keep,3.5,
2016,DIFFDRES,DIFFDRES,1,review_keep,3.5,
2016,DIFFWALK,DIFFWALK,1,review_keep,3.5,
2016,DISPCODE,DISPCODE,1,review_keep,2.4,
2016,DRNK3GE5,DRNK3GE5,1,review_keep,2.733333333333333,
2016,DRNKANY5,DRNKANY5,1,review_keep,2.866666666666666,
2016,DRNKDRI2,DRNKDRI2,1,review_keep,3.433333333333333,
2016,ECIGARET,ECIGARET,1,review_keep,3.1,
2016,ECIGNOW,ECIGNOW,1,review_keep,3.54,
2016,EDUCAX,EDUCA,1,review_keep,1.733333333333333,
2016,EMPLOY1,EMPLOY1,1,review_keep,3.111111111111111,
2016,EXERANY2,EXERANY2,1,review_keep,3.4,
2016,FALL12MN,FALL12MN,1,review_keep,2.9,
2016,FALLINJ2,FALLINJ2,1,review_keep,2.775,
2016,FLUSHOT6,FLUSHOT6,1,review_keep,3.1,
2016,FMONTH,FMONTH,1,review_keep,3.7,
2016,FPBCLAST,PFPPRVN1,1,review_keep,1.05,
2016,FPREASLX,NOBCUSE6,1,review_keep,1.05,
2016,FPTYPLAST,TYPCNTR7,1,review_keep,1.088888888888889,
2016,FREQPOP2,SSBSUGR2,1,review_keep,1.583333333333333,
2016,FREQSSB2,SSBFRUT2,1,review_keep,1.283333333333333,
2016,GENHLTH,GENHLTH,1,review_keep,3.471428571428572,
2016,HADHYST2,HADHYST2,1,review_keep,3.5,
2016,HADMAM,HADMAM,1,review_keep,3.1,
2016,HADPAP2,HADPAP2,1,review_keep,3.1,
2016,HADSGCO1,HADSGCO1,1,review_keep,3.318181818181818,
2016,HADSIGM3,HADSIGM3,1,review_keep,3.1,
2016,HAVARTH3,HAVARTH3,1,review_keep,3.5,
2016,HEIGHT3,HEIGHT3,1,review_keep,2.8,
2016,HHADULT,HHADULT,1,review_keep,2.9,
2016,HIVRISK4,HIVRISK4,1,review_keep,3.277777777777778,
2016,HIVTESTM,HIVTSTD3,1,review_keep,1.25,
2016,HIVTST6,HIVTST6,1,review_keep,2.988888888888889,
2016,HLTHPLN1,HLTHPLN1,1,review_keep,3.5,
2016,HOWLONG,HOWLONG,1,review_keep,3.128571428571429,
2016,HPLSTTST,HPLSTTST,1,review_keep,3.128571428571429,
2016,HPVTEST,HPVTEST,1,review_keep,3.1,
2016,HTIN4,HTIN4,1,review_keep,2.4,
2016,HTM4,HTM4,1,review_keep,2.4,
2016,IDATE,IDATE,1,review_keep,2.9,
2016,IDAY,IDAY,1,review_keep,2.9,
2016,IMMMONTH,FLSHTMY2,1,review_keep,0.8333333333333334,
2016,IMONTH,IMONTH,1,review_keep,2.9,
2016,INCOME2,INCOME2,1,review_keep,2.806666666666667,
2016,INTERNET,INTERNET,1,review_keep,3.5,
2016,INTVID2,INTVID,1,review_keep,1.342857142857143,
2016,IYEAR,IYEAR,1,review_keep,2.9,
2016,LANDLINE,LANDLINE,1,review_keep,3.388888888888889,
2016,LASTDEN3,LASTDEN3,1,review_keep,3.242857142857143,
2016,LASTPAP2,LASTPAP2,1,review_keep,3.128571428571429,
2016,LASTSIG3,LASTSIG3,1,review_keep,3.1,
2016,LASTSMK2,LASTSMK2,1,review_keep,3.22,
2016,LSTBLDS3,LSTBLDS3,1,review_keep,3.128571428571429,
2016,MARITAL,MARITAL,1,review_keep,2,
2016,MAXDRNKS,MAXDRNKS,1,review_keep,3.3,
2016,MEDCOST,MEDCOST,1,review_keep,3.5,
2016,MENTHLTH,MENTHLTH,1,review_keep,3.342424242424242,
2016,MENTHLTH,QLMENTL2,0,review_keep,0.85,
2016,MJ30X2,MARIJANA,1,review_keep,1.05,
2016,MJHOW1,USEMRJNA,1,review_keep,1.1,
2016,NRECSEL,NRECSEL,1,review_keep,2.4,
2016,NRECSTR,NRECSTR,1,review_keep,2.4,
2016,NUMADULT,NUMADULT,1,review_keep,2.025,
2016,NUMHHOL2,NUMHHOL2,1,review_keep,3,
2016,NUMMEN,NUMMEN,1,review_keep,2.233333333333333,
2016,NUMPHON2,NUMPHON2,1,review_keep,3,
2016,NUMWOMEN,NUMWOMEN,1,review_keep,2.233333333333333,
2016,ORACE3,ORACE3,1,review_keep,2.4,
2016,ORGSEQNO,ORGSEQNO,1,review_keep,2.15,
2016,O_STATE,O_STATE,1,review_keep,2.4,
2016,PCPSAAD2,PCPSAAD2,1,review_keep,3.5,
2016,PCPSADI1,PCPSADI1,1,review_keep,3.5,
2016,PCPSARE1,PCPSARE1,1,review_keep,3.5,
2016,PCPSARS1,PCPSARS1,1,review_keep,3.585714285714285,
2016,PDIABTST,PDIABTST,1,review_keep,3.5,
2016,PERSDOC2,PERSDOC2,1,review_keep,3.386153846153846,
2016,PHYSHLTH,PHYSHLTH,1,review_keep,3.322222222222222,
2016,PNEUVAC3,PNEUVAC3,1,review_keep,3.5,
2016,POORHLTH,POORHLTH,1,review_keep,3.433333333333333,
2016,PRECALL,PRECALL,1,review_keep,2.4,
2016,PREDIAB1,PREDIAB1,1,review_keep,3.54,
2016,PREGNANT,PREG4549,0,review_keep,1.2,
2016,PREGNANT,PREGNANT,1,review_keep,3,
2016,PSATEST1,PSATEST1,1,review_keep,3.1,
2016,PSATIME,PSATIME,1,review_keep,3.128571428571429,
2016,PVTRESID,PVTRESD1,1,review_keep,1.3,
2016,QLACTLM2,QLACTLM2,1,review_keep,3,
2016,QSTLANG,QSTLANG,1,review_keep,3.2,
2016,QSTVER,QSTVER,1,review_keep,1.4,
2016,RCSGENDR,RCSGENDR,1,review_keep,3.7,
2016,RCSRLTN2,RCSRLTN2,1,review_keep,3.066666666666666,
2016,RENTHOM1,RENTHOM1,1,review_keep,3.54,
2016,RMVTETH3,RMVTETH3,1,review_keep,3.333333333333333,
2016,SEATBELT,SEATBELT,1,review_keep,3.475,
2016,SEQNO,SEQNO,1,review_keep,1.4,
2016,SEX,SEX,1,review_keep,2.2,
2016,SLEPTIM1,SLEPTIM1,1,review_keep,3.3,
2016,SMOKDAY2,SMOKDAY2,1,review_keep,3.22,
2016,SMOKE100,SMOKE100,1,review_keep,3.1,
2016,STOPSMK2,STOPSMK2,1,review_keep,2.9,
2016,SXORIENT,SXORIENT,1,review_keep,1.639285714285714,
2016,TETANUS,TETANUS,1,review_keep,3.333333333333333,
2016,USEEQUIP,USEEQUIP,1,review_keep,3.25,
2016,USENOW3,USENOW3,1,review_keep,3.54,
2016,VETERAN3,VETERAN3,1,review_keep,2.909090909090909,
2016,WEIGHT2,WEIGHT2,1,review_keep,2.8,
2016,WTKG3,WTKG3,1,review_keep,2.65,
2016,ZIPCODE1,ZIPCODE1,1,review_keep,2.4,
2017,ADDEPEV2,ADDEPEV2,1,review_keep,3.5,
2017,ADSLEEP,ADSLEEP,1,review_keep,3.433333333333333,
2017,ALCDAY5,ALCDAY5,1,review_keep,2.9,
2017,ARTHDIS2,ARTHDIS2,1,review_keep,3.5,
2017,ARTHEDU,ARTHEDU,1,review_keep,3.5,
2017,ARTHEXER,ARTHEXER,1,review_keep,3.5,
2017,ARTHSOCL,ARTHSOCL,1,review_keep,3.358181818181818,
2017,ARTHWGT,ARTHWGT,1,review_keep,3.5,
2017,ARTTODAY,ARTTODAY,1,review_keep,3.433333333333333,
2017,ASPUNSAF,ASPUNSAF,1,review_keep,2.9,
2017,ASTHMA3,ASTHMA3,1,review_keep,3.1,
2017,ASTHNOW,ASTHNOW,1,review_keep,3.5,
2017,AVEDRNK2,AVEDRNK2,1,review_keep,3.157142857142857,
2017,BLIND,BLIND,1,review_keep,3.5,
2017,BPHIGH4,BPHIGH4,1,review_keep,3.033333333333333,
2017,BPMEDS,BPMEDS,1,review_keep,3.5,
2017,CADULT,CADULT,1,review_keep,2.566666666666666,
2017,CANCERTYPE,CNCRTYP1,1,review_keep,1.596666666666667,
2017,CAREGIV1,CAREGIV1,1,review_keep,2.96,
2017,CASTHDX2,CASTHDX2,1,review_keep,3.1,
2017,CASTHNO2,CASTHNO2,1,review_keep,3.5,
2017,CCLGHOUS,CCLGHOUS,1,review_keep,2.275,
2017,CDASSIST,CDASSIST,1,review_keep,3.242857142857143,
2017,CDDISCUS,CDDISCUS,1,review_keep,3.5,
2017,CDHELP,CDHELP,1,review_keep,3.471428571428572,
2017,CDHOUSE,CDHOUSE,1,review_keep,3.131168831168831,
2017,CDSOCIAL,CDSOCIAL,1,review_keep,3.502380952380952,
2017,CELLFON4,CELLFON4,1,review_keep,2.9,
2017,CELLFON5,CELLFON5,1,review_keep,2.233333333333333,
2017,CHCCOPD1,CHCCOPD1,1,review_keep,3.5,
2017,CHCKIDNY,CHCKIDNY,1,review_keep,3.5,
2017,CHCOCNCR,CHCOCNCR,1,review_keep,3.5,
2017,CHCSCNCR,CHCSCNCR,1,review_keep,3.5,
2017,CHECKUP1,CHECKUP1,1,review_keep,3.042857142857143,
2017,CHILDREN,CHILDREN,1,review_keep,3.7,
2017,CHOLCHK1,CHOLCHK1,1,review_keep,3.014285714285714,
2017,CHOLMED1,CHOLMED1,1,review_keep,3.5,
2017,CIMEMLOS,CIMEMLOS,1,review_keep,3.1,
2017,COLGHOUS,COLGHOUS,1,review_keep,2.9,
2017,CPDEMO1A,CPDEMO1A,1,review_keep,3.5,
2017,CRGVEXPT,CRGVEXPT,1,review_keep,3.346153846153846,
2017,CRGVHOUS,CRGVHOUS,1,review_keep,3.5,
2017,CRGVHRS1,CRGVHRS1,1,review_keep,3.566666666666666,
2017,CRGVLNG1,CRGVLNG1,1,review_keep,3.471428571428572,
2017,CRGVMST2,CRGVMST2,1,review_keep,3.3,
2017,CRGVPERS,CRGVPERS,1,review_keep,3.5,
2017,CRGVPRB2,CRGVPRB2,1,review_keep,3.417647058823529,
2017,CRGVREL2,CRGVREL2,1,review_keep,3.03968254,
2017,CSRVCTL1,CSRVCTL1,1,review_keep,2.9,
2017,CSRVTRT2,CSRVTRT2,1,review_keep,2.9,
2017,CSTATE1,CSTATE1,1,review_keep,2.4,
2017,CTELENM1,CTELENM1,1,review_keep,2.566666666666666,
2017,CVDASPRN,CVDASPRN,1,review_keep,3.3,
2017,CVDCRHD4,CVDCRHD4,1,review_keep,3.5,
2017,CVDINFR4,CVDINFR4,1,review_keep,3.5,
2017,CVDSTRK3,CVDSTRK3,1,review_keep,3.5,
2017,DEAF,DEAF,1,review_keep,3.5,
2017,DECIDE,DECIDE,1,review_keep,3.5,
2017,DIABAGE2,DIABAGE2,1,review_keep,2.666666666666667,
2017,DIABETE3,DIABETE3,1,review_keep,3.033333333333333,
2017,DIFFALON,DIFFALON,1,review_keep,3.5,
2017,DIFFDRES,DIFFDRES,1,review_keep,3.5,
2017,DIFFWALK,DIFFWALK,1,review_keep,3.5,
2017,DISPCODE,DISPCODE,1,review_keep,2.4,
2017,DRADVISE,DRADVISE,1,review_keep,3.5,
2017,DRNK3GE5,DRNK3GE5,1,review_keep,2.733333333333333,
2017,DRNKANY5,DRNKANY5,1,review_keep,2.866666666666666,
2017,DUMMYSEX,SEX,1,review_keep,1.683333333333333,
2017,ECIGARET,ECIGARET,1,review_keep,3.1,
2017,ECIGNOW,ECIGNOW,1,review_keep,3.54,
2017,EDUCA,EDUCA,1,review_keep,1.8,
2017,EMPLOY1,EMPLOY1,1,review_keep,3.111111111111111,
2017,EXERANY2,EXERANY2,1,review_keep,3,
2017,EXERHMM1,EXERHMM1,1,review_keep,3.3,
2017,EXERHMM2,EXERHMM2,1,review_keep,3.3,
2017,EXEROFT1,EXEROFT1,1,review_keep,3.3,
2017,EXEROFT2,EXEROFT2,1,review_keep,3.3,
2017,EXRACT11,EXRACT11,1,review_keep,3.544155844155844,
2017,EXRACT21,EXRACT21,1,review_keep,3.535897435897436,
2017,FIREARM4,FIREARM4,1,review_keep,3.1,
2017,FLSHTM2,FLSHTMY2,1,review_keep,1.183333333333333,
2017,FLUSHOT6,FLUSHOT6,1,review_keep,3.1,
2017,FMONTH,FMONTH,1,review_keep,3.7,
2017,FRENCHF1,FRENCHF1,1,review_keep,3.5,
2017,FRUIT2,FRUIT2,1,review_keep,3.5,
2017,FRUITJU2,FRUITJU2,1,review_keep,3.285714285714286,
2017,FVGREEN1,FVGREEN1,1,review_keep,3.5,
2017,GENHLTH,GENHLTH,1,review_keep,3.471428571428572,
2017,GUNLOAD,GUNLOAD,1,review_keep,3.1,
2017,HAVARTH3,HAVARTH3,1,review_keep,3.5,
2017,HEIGHT3,HEIGHT3,1,review_keep,2.8,
2017,HHADULT,HHADULT,1,review_keep,3.188888888888889,
2017,HIVRISK5,HIVRISK5,1,review_keep,3.277777777777778,
2017,HIVTST6,HIVTST6,1,review_keep,3.1,
2017,HIVTSTD3M,HIVTSTD3,1,review_keep,1.355555555555556,
2017,HLTHPLN1,HLTHPLN1,1,review_keep,3.5,
2017,HTIN4,HTIN4,1,review_keep,2.4,
2017,HTM4,HTM4,1,review_keep,2.4,
2017,HUNDMON,SDHFOOD,1,review_keep,1.697142857142857,
2017,IDATE,IDATE,1,review_keep,2.9,
2017,IDAY,IDAY,1,review_keep,2.9,
2017,IMONTH,IMONTH,1,review_keep,2.9,
2017,INCOME2,INCOME2,1,review_keep,2.957142857142857,
2017,INTERNET,INTERNET,1,review_keep,3.5,
2017,IYEAR,IYEAR,1,review_keep,2.9,
2017,JOINPAI1,JOINPAI1,1,review_keep,3.209090909090909,
2017,LADULT,LADULT,1,review_keep,2.7,
2017,LANDLINE,LANDLINE,1,review_keep,3.115384615384615,
2017,LASTSMK2,LASTSMK2,1,review_keep,3.22,
2017,LMTJOIN3,LMTJOIN3,1,review_keep,3.5,
2017,LOADULK2,LOADULK2,1,review_keep,3.5,
2017,MARITAL,MARITAL,1,review_keep,2,
2017,MAXDRNKS,MAXDRNKS,1,review_keep,3.3,
2017,MEDCOST,MEDCOST,1,review_keep,3.5,
2017,MENTHLTH,MENTHLTH,1,review_keep,3.342424242424242,
2017,MJ30X2,MARIJANA,1,review_keep,1.05,
2017,MJHOW1,USEMRJN1,1,review_keep,1.15,
2017,NOBCUSE6,NOBCUSE6,1,review_keep,3.073913043478261,
2017,NUMADULT,NUMADULT,1,review_keep,2.194117647058824,
2017,NUMHHOL2,NUMHHOL2,1,review_keep,3,
2017,NUMMEN,NUMMEN,1,review_keep,2.566666666666666,
2017,NUMPHON2,NUMPHON2,1,review_keep,3,
2017,NUMWOMEN,NUMWOMEN,1,review_keep,2.233333333333333,
2017,ORGSEQNO,SEQNO,1,review_keep,1.25,
2017,PDIABTST,PDIABTST,1,review_keep,2.9,
2017,PERSDOC2,PERSDOC2,1,review_keep,2.746153846153846,
2017,PFPPRVN2,PFPPRVN2,1,review_keep,2.9,
2017,PHYSHLTH,PHYSHLTH,1,review_keep,2.788888888888889,
2017,PNEUVAC3,PNEUVAC3,1,review_keep,2.9,
2017,POORHLTH,POORHLTH,1,review_keep,2.9,
2017,POTATOE1,POTATOE1,1,review_keep,2.733333333333333,
2017,PREDIAB1,PREDIAB1,1,review_keep,2.9,
2017,PREGNANT,PREGNANT,1,review_keep,2.4,
2017,PVTRESD1,PVTRESD1,1,review_keep,2.9,
2017,PVTRESD3,PVTRESD3,1,review_keep,2.7,
2017,QSTLANG,QSTLANG,1,review_keep,2.4,
2017,QSTVER,QSTVER,1,review_keep,1.4,
2017,RCSGENDR,RCSGENDR,1,review_keep,2.9,
2017,RCSRLTN2,RCSRLTN2,1,review_keep,2.9,
2017,RDUCHART,RDUCHART,1,review_keep,2.9,
2017,RDUCSTRK,RDUCSTRK,1,review_keep,2.9,
2017,RENTHOM1,RENTHOM1,1,review_keep,2.9,
2017,RLIVPAIN,RLIVPAIN,1,review_keep,2.9,
2017,SAFETIME,SAFETIME,1,review_keep,2.5,
2017,SEATBELT,SEATBELT,1,review_keep,3.6,
2017,SHINGLE2,SHINGLE2,1,review_keep,3.5,
2017,SLEPBRTH,SLEPBRTH,1,review_keep,3.5,
2017,SLEPDAY1,SLEPDAY1,1,review_keep,3.266666666666667,
2017,SLEPSNO2,SLEPSNO2,1,review_keep,3.5,
2017,SLEPTIM1,SLEPTIM1,1,review_keep,2.9,
2017,SMOKDAY2,SMOKDAY2,1,review_keep,3.22,
2017,SMOKE100,SMOKE100,1,review_keep,3.1,
2017,SSBFRUT3,SSBFRUT3,1,review_keep,3.133333333333333,
2017,SSBSUGR2,SSBSUGR2,1,review_keep,3.433333333333333,
2017,STATERE1,STATERE1,1,review_keep,2.066666666666666,
2017,STOPSMK2,STOPSMK2,1,review_keep,2.9,
2017,STREHAB1,STREHAB1,1,review_keep,3.5,
2017,STRENGTH,STRENGTH,1,review_keep,3.433333333333333,
2017,SXORIENT,SXORIENT,1,review_keep,1.625396825396825,
2017,TOLDHI2,TOLDHI2,1,review_keep,3.1,
2017,TRANSGENDER2,TRNSGNDR,1,review_keep,1.066666666666667,
2017,TYPCNTR7,TYPCNTR7,1,review_keep,2.936363636363636,
2017,USENOW3,USENOW3,1,review_keep,3.54,
2017,VEGETAB2,VEGETAB2,1,review_keep,3.5,
2017,VETERAN3,VETERAN3,1,review_keep,2.909090909090909,
2017,WEIGHT2,WEIGHT2,1,review_keep,2.8,
2017,WTCHSALT,WTCHSALT,1,review_keep,3.5,
2017,WTKG3,WTKG3,1,review_keep,2.65,
2018,ADDEPEV2,ADDEPEV2,1,review_keep,3.5,
2018,ADDOWN1,ADDOWN1,1,review_keep,1.4,
2018,ADPLEAS1,ADPLEAS1,1,review_keep,1.4,
2018,ALCDAY5,ALCDAY5,1,review_keep,2.9,
2018,ASTHMA3,ASTHMA3,1,review_keep,3.1,
2018,ASTHNOW,ASTHNOW,1,review_keep,3.5,
2018,AVEDRNK2,AVEDRNK2,1,review_keep,3.157142857142857,
2018,BLDSTOOL,BLDSTOOL,1,review_keep,3.1,
2018,BLIND,BLIND,1,review_keep,3.5,
2018,CADULT,CADULT,1,review_keep,1.4,
2018,CAREGIV1,CAREGIV1,1,review_keep,2.96,
2018,CARERCVD,CARERCVD,1,review_keep,1.4,
2018,CASTHDX2,CASTHDX2,1,review_keep,3.1,
2018,CASTHNO2,CASTHNO2,1,review_keep,3.5,
2018,CCLGHOUS,CCLGHOUS,1,review_keep,2.65,
2018,CDASSIST,CDASSIST,1,review_keep,3.131746031746032,
2018,CDDISCUS,CDDISCUS,1,review_keep,3.5,
2018,CDHELP,CDHELP,1,review_keep,3.471428571428572,
2018,CDHOUSE,CDHOUSE,1,review_keep,3.494805194805195,
2018,CDSOCIAL,CDSOCIAL,1,review_keep,3.502380952380952,
2018,CELLFON4,CELLFON4,1,review_keep,1.4,
2018,CELLFON5,CELLFON5,1,review_keep,1.4,
2018,CHCCOPD1,CHCCOPD1,1,review_keep,3.5,
2018,CHCKDNY1,CHCKDNY1,1,review_keep,1.4,
2018,CHCOCNCR,CHCOCNCR,1,review_keep,3.5,
2018,CHCSCNCR,CHCSCNCR,1,review_keep,3.5,
2018,CHECKUP1,CHECKUP1,1,review_keep,3.042857142857143,
2018,CHILDREN,CHILDREN,1,review_keep,3.7,
2018,CIMEMLOS,CIMEMLOS,1,review_keep,3.1,
2018,COLGHOUS,COLGHOUS,1,review_keep,1.4,
2018,COPDBRTH,COPDBRTH,1,review_keep,1.4,
2018,COPDBTST,COPDBTST,1,review_keep,1.4,
2018,COPDCOGH,COPDCOGH,1,review_keep,1.4,
2018,COPDFLEM,COPDFLEM,1,review_keep,1.4,
2018,COPDSMOK,COPDSMOK,1,review_keep,1.4,
2018,CPDEMO1B,CPDEMO1B,1,review_keep,1.4,
2018,CRGVEXPT,CRGVEXPT,1,review_keep,3.346153846153846,
2018,CRGVHOUS,CRGVHOUS,1,review_keep,3.5,
2018,CRGVHRS1,CRGVHRS1,1,review_keep,3.423809523809524,
2018,CRGVLNG1,CRGVLNG1,1,review_keep,3.471428571428572,
2018,CRGVMST3,CRGVMST3,1,review_keep,1.4,
2018,CRGVPERS,CRGVPERS,1,review_keep,3.5,
2018,CRGVPRB2,CRGVPRB2,1,review_keep,1.917647058823529,
2018,CRGVREL2,CRGVREL2,1,review_keep,2.111111111111111,
2018,CSTATE1,CSTATE1,1,review_keep,2.4,
2018,CVDCRHD4,CVDCRHD4,1,review_keep,3.5,
2018,CVDINFR4,CVDINFR4,1,review_keep,3.5,
2018,CVDSTRK3,CVDSTRK3,1,review_keep,3.5,
2018,DEAF,DEAF,1,review_keep,3.5,
2018,DECIDE,DECIDE,1,review_keep,3.5,
2018,DELAYME1,DELAYME1,1,review_keep,1.4,
2018,DIABAGE2,DIABAGE2,1,review_keep,3.166666666666667,
2018,DIABETE3,DIABETE3,1,review_keep,3.033333333333333,
2018,DIFFALON,DIFFALON,1,review_keep,3.5,
2018,DIFFDRES,DIFFDRES,1,review_keep,3.5,
2018,DIFFWALK,DIFFWALK,1,review_keep,3.5,
2018,DISPCODE,DISPCODE,1,review_keep,2.4,
2018,DLYOTHER,DLYOTHER,1,review_keep,1.4,
2018,DRNK3GE5,DRNK3GE5,1,review_keep,2.733333333333333,
2018,DRNKANY5,DRNKANY5,1,review_keep,2.866666666666666,
2018,DRNKDRI2,DRNKDRI2,1,review_keep,2.9,
2018,DRVISITS,DRVISITS,1,review_keep,1.4,
2018,ECIGARET,ECIGARET,1,review_keep,3.1,
2018,ECIGNOW,ECIGNOW,1,review_keep,3.54,
2018,EDUCA,EDUCA,1,review_keep,1.8,
2018,EMPLOY1,EMPLOY1,1,review_keep,3.111111111111111,
2018,EXERANY2,EXERANY2,1,review_keep,3.4,
2018,FALL12MN,FALL12MN,1,review_keep,2.9,
2018,FALLINJ3,FALLINJ3,1,review_keep,1.4,
2018,FEELNERV,FEELNERV,1,review_keep,1.4,
2018,FLUSHOT6,FLUSHOT6,1,review_keep,3.1,
2018,FMONTH,FMONTH,1,review_keep,3.7,
2018,GENHLTH,GENHLTH,1,review_keep,3.471428571428572,
2018,HADHYST2,HADHYST2,1,review_keep,3.5,
2018,HADMAM,HADMAM,1,review_keep,3.1,
2018,HADPAP2,HADPAP2,1,review_keep,3.1,
2018,HADSGCO1,HADSGCO1,1,review_keep,3.333333333333333,
2018,HADSIGM3,HADSIGM3,1,review_keep,3.1,
2018,HAVARTH3,HAVARTH3,1,review_keep,3.5,
2018,HEIGHT3,HEIGHT3,1,review_keep,2.8,
2018,HHADULT,HHADULT,1,review_keep,3.3,
2018,HIVRISK5,HIVRISK5,1,review_keep,3.277777777777778,
2018,HIVTST6,HIVTST6,1,review_keep,2.988888888888889,
2018,HLTHCVR1,HLTHCVR1,1,review_keep,1.4,
2018,HLTHPLN1,HLTHPLN1,1,review_keep,3.5,
2018,HOWLONG,HOWLONG,1,review_keep,3.128571428571429,
2018,HPLSTTST,HPLSTTST,1,review_keep,3.128571428571429,
2018,HPVTEST,HPVTEST,1,review_keep,3.1,
2018,HTIN4,HTIN4,1,review_keep,2.4,
2018,HTM4,HTM4,1,review_keep,2.4,
2018,IDATE,IDATE,1,review_keep,2.9,
2018,IDAY,IDAY,1,review_keep,2.9,
2018,IMFVPLAC,IMFVPLAC,1,review_keep,1.4,
2018,IMONTH,IMONTH,1,review_keep,2.9,
2018,INCOME2,INCOME2,1,review_keep,2.766666666666667,
2018,IYEAR,IYEAR,1,review_keep,2.9,
2018,LADULT,LADULT,1,review_keep,1.4,
2018,LANDLINE,LANDLINE,1,review_keep,3.388888888888889,
2018,LASTDEN4,LASTDEN4,1,review_keep,1.4,
2018,LASTPAP2,LASTPAP2,1,review_keep,3.128571428571429,
2018,LASTSIG3,LASTSIG3,1,review_keep,3.1,
2018,LASTSMK2,LASTSMK2,1,review_keep,3.22,
2018,LSTBLDS3,LSTBLDS3,1,review_keep,3.128571428571429,
2018,LSTCOVRG,LSTCOVRG,1,review_keep,1.4,
2018,MARITAL,MARITAL,1,review_keep,2,
2018,MAXDRNKS,MAXDRNKS,1,review_keep,3.3,
2018,MEDBILL1,MEDBILL1,1,review_keep,1.4,
2018,MEDCOST,MEDCOST,1,review_keep,3.5,
2018,MEDICARE,MEDICARE,1,review_keep,1.4,
2018,MEDSCOS1,MEDSCOS1,1,review_keep,1.4,
2018,MENTHLTH,MENTHLTH,1,review_keep,3.342424242424242,
2018,MJHOW2,USEMRJN2,1,review_keep,1.15,
2018,NOCOV121,NOCOV121,1,review_keep,1.4,
2018,NUMADULT,NUMADULT,1,review_keep,2.4625,
2018,NUMHHOL3,NUMHHOL3,1,review_keep,1.4,
2018,NUMMEN,NUMMEN,1,review_keep,2.566666666666666,
2018,NUMPHON3,NUMPHON3,1,review_keep,1.4,
2018,NUMWOMEN,NUMWOMEN,1,review_keep,2.233333333333333,
2018,PCPSADI1,PCPSADI1,1,review_keep,2.9,
2018,PCPSARE1,PCPSARE1,1,review_keep,2.9,
2018,PCPSARS1,PCPSARS1,1,review_keep,2.9,
2018,PDIABTST,PDIABTST,1,review_keep,3.5,
2018,PERSDOC2,PERSDOC2,1,review_keep,3.386153846153846,
2018,PHYSHLTH,PHYSHLTH,1,review_keep,3.322222222222222,
2018,PNEUVAC4,PNEUVAC4,1,review_keep,1.4,
2018,POORHLTH,POORHLTH,1,review_keep,3.433333333333333,
2018,PREDIAB1,PREDIAB1,1,review_keep,3.54,
2018,PREGNANT,PREGNANT,1,review_keep,3,
2018,PSATEST1,PSATEST1,1,review_keep,2.9,
2018,PSATIME,PSATIME,1,review_keep,2.9,
2018,PVTRESD1,PVTRESD1,1,review_keep,2.9,
2018,PVTRESD3,PVTRESD3,1,review_keep,2.7,
2018,QSTLANG,QSTLANG,1,review_keep,3.2,
2018,QSTVER,QSTVER,1,review_keep,1.4,
2018,RCSGENDR,RCSGENDR,1,review_keep,3.7,
2018,RCSRLTN2,RCSRLTN2,1,review_keep,3.066666666666666,
2018,RENTHOM1,RENTHOM1,1,review_keep,3.54,
2018,RMVTETH4,RMVTETH4,1,review_keep,1.4,
2018,SAFETIME,SAFETIME,1,review_keep,1.4,
2018,SEATBELT,SEATBELT,1,review_keep,3.375,
2018,SEQNO,SEQNO,1,review_keep,1.4,
2018,SEX1,SEX1,1,review_keep,1.4,
2018,SLEPTIM1,SLEPTIM1,1,review_keep,2.9,
2018,SMOKDAY2,SMOKDAY2,1,review_keep,3.22,
2018,SMOKE100,SMOKE100,1,review_keep,3.1,
2018,STOPSMK2,STOPSMK2,1,review_keep,2.9,
2018,STOPWORY,STOPWORY,1,review_keep,1.4,
2018,TRANSGENDER2,TRNSGNDR,1,review_keep,1.066666666666667,
2018,USENOW3,USENOW3,1,review_keep,3.54,
2018,VETERAN3,VETERAN3,1,review_keep,2.909090909090909,
2018,WEIGHT2,WEIGHT2,1,review_keep,2.8,
2018,WTKG3,WTKG3,1,review_keep,2.65,
2019,ACEDEPRS,ACEDEPRS,1,review_keep,3.5,
2019,ACEDIVRC,ACEDIVRC,1,review_keep,3.54,
2019,ACEDRINK,ACEDRINK,1,review_keep,3.5,
2019,ACEDRUGS,ACEDRUGS,1,review_keep,3.5,
2019,ACEHURT1,ACEHURT1,1,review_keep,3.54,
2019,ACEHVSEX,ACEHVSEX,1,review_keep,3.38,
2019,ACEPRISN,ACEPRISN,1,review_keep,3.5,
2019,ACEPUNCH,ACEPUNCH,1,review_keep,3.38,
2019,ACESWEAR,ACESWEAR,1,review_keep,3.38,
2019,ACETOUCH,ACETOUCH,1,review_keep,3.38,
2019,ACETTHEM,ACETTHEM,1,review_keep,3.38,
2019,ADDEPEV3,ADDEPEV3,1,review_keep,3.5,
2019,ALCDAY5,ALCDAY5,1,review_keep,2.9,
2019,ARTHDIS2,ARTHDIS2,1,review_keep,3.5,
2019,ARTHEDU,ARTHEDU,1,review_keep,3.5,
2019,ARTHEXER,ARTHEXER,1,review_keep,2.9,
2019,ASTHMA3,ASTHMA3,1,review_keep,3.1,
2019,ASTHNOW,ASTHNOW,1,review_keep,3.5,
2019,AVEDRNK3,AVEDRNK3,1,review_keep,2.627272727272727,
2019,BIRTHSEX,BIRTHSEX,1,review_keep,1.4,
2019,BLDSTOOL,BLDSTOOL,1,review_keep,3.1,
2019,BLIND,BLIND,1,review_keep,3.5,
2019,BPHIGH4,BPHIGH4,1,review_keep,3.166666666666667,
2019,BPMEDS,BPMEDS,1,review_keep,3.5,
2019,CAREGIV1,CAREGIV1,1,review_keep,3.06,
2019,CASTHDX2,CASTHDX2,1,review_keep,3.1,
2019,CASTHNO2,CASTHNO2,1,review_keep,3.5,
2019,CCLGHOUS,CCLGHOUS,1,review_keep,2.275,
2019,CCLGHOUS,COLGHOUS,0,review_keep,0.7250000000000001,
2019,CDASSIST,CDASSIST,1,review_keep,3.242857142857143,
2019,CDDISCUS,CDDISCUS,1,review_keep,3.5,
2019,CDHELP,CDHELP,1,review_keep,3.585714285714285,
2019,CDHOUSE,CDHOUSE,1,review_keep,3.131168831168831,
2019,CDSOCIAL,CDSOCIAL,1,review_keep,3.585714285714285,
2019,CHCCOPD2,CHCCOPD2,1,review_keep,1.4,
2019,CHCKDNY2,CHCKDNY2,1,review_keep,1.4,
2019,CHCOCNCR,CHCOCNCR,1,review_keep,3.5,
2019,CHCSCNCR,CHCSCNCR,1,review_keep,3.5,
2019,CHECKUP1,CHECKUP1,1,review_keep,3.242857142857143,
2019,CHILDREN,CHILDREN,1,review_keep,3.7,
2019,CHOLCHK2,CHOLCHK2,1,review_keep,1.4,
2019,CIMEMLOS,CIMEMLOS,1,review_keep,3.1,
2019,CPDEMO1B,CPDEMO1B,1,review_keep,1.4,
2019,CRGVALZD,CRGVALZD,1,review_keep,1.4,
2019,CRGVEXPT,CRGVEXPT,1,review_keep,3.5,
2019,CRGVHOU1,CRGVHOU1,1,review_keep,1.4,
2019,CRGVHRS1,CRGVHRS1,1,review_keep,3.566666666666666,
2019,CRGVLNG1,CRGVLNG1,1,review_keep,3.585714285714285,
2019,CRGVPER1,CRGVPER1,1,review_keep,1.4,
2019,CRGVPRB3,CRGVPRB3,1,review_keep,1.4,
2019,CRGVREL3,CRGVREL3,1,review_keep,1.4,
2019,CSTATE1,CSTATE1,1,review_keep,2.4,
2019,CVDCRHD4,CVDCRHD4,1,review_keep,3.5,
2019,CVDINFR4,CVDINFR4,1,review_keep,3.5,
2019,CVDSTRK3,CVDSTRK3,1,review_keep,3.5,
2019,DEAF,DEAF,1,review_keep,3.5,
2019,DECIDE,DECIDE,1,review_keep,3.5,
2019,DIABAGE3,DIABAGE3,1,review_keep,1.4,
2019,DIABETE4,DIABETE4,1,review_keep,1.533333333333333,
2019,DIFFALON,DIFFALON,1,review_keep,3.5,
2019,DIFFDRES,DIFFDRES,1,review_keep,3.5,
2019,DIFFWALK,DIFFWALK,1,review_keep,3.5,
2019,DISPCODE,DISPCODE,1,review_keep,2.4,
2019,DRNK3GE5,DRNK3GE5,1,review_keep,2.766666666666667,
2019,DRNKANY5,DRNKANY5,1,review_keep,2.866666666666666,
2019,EDUCA,EDUCA,1,review_keep,1.7,
2019,EMPLOY1,EMPLOY1,1,review_keep,3.111111111111111,
2019,EXERANY2,EXERANY2,1,review_keep,3.1,
2019,EXERHMM1,EXERHMM1,1,review_keep,3.3,
2019,EXERHMM2,EXERHMM2,1,review_keep,3.3,
2019,EXEROFT1,EXEROFT1,1,review_keep,3.3,
2019,EXEROFT2,EXEROFT2,1,review_keep,3.3,
2019,EXRACT11,EXRACT11,1,review_keep,3.533766233766234,
2019,EXRACT21,EXRACT21,1,review_keep,3.525641025641026,
2019,FLSHTMY3,FLSHTMY3,1,review_keep,1.4,
2019,FLUSHOT7,FLUSHOT7,1,review_keep,1.4,
2019,FMONTH,FMONTH,1,review_keep,3.7,
2019,FRENCHF1,FRENCHF1,1,review_keep,3.5,
2019,FRUIT2,FRUIT2,1,review_keep,3.5,
2019,FRUITJU2,FRUITJU2,1,review_keep,3.125,
2019,FVGREEN1,FVGREEN1,1,review_keep,3.5,
2019,GENHLTH,GENHLTH,1,review_keep,3.471428571428572,
2019,HADHYST2,HADHYST2,1,review_keep,3.5,
2019,HADSGCO1,HADSGCO1,1,review_keep,2.788888888888889,
2019,HADSIGM3,HADSIGM3,1,review_keep,3.1,
2019,HAVARTH4,HAVARTH4,1,review_keep,1.4,
2019,HEIGHT3,HEIGHT3,1,review_keep,2.8,
2019,HHADULT,HHADULT,1,review_keep,3.188888888888889,
2019,HIVRISK5,HIVRISK5,1,review_keep,2.9,
2019,HIVTST7,HIVTST7,1,review_keep,1.4,
2019,HLTHPLN1,HLTHPLN1,1,review_keep,3.428571428571428,
2019,HTIN4,HTIN4,1,review_keep,2.4,
2019,HTM4,HTM4,1,review_keep,2.4,
2019,IDATE,IDATE,1,review_keep,2.9,
2019,IDAY,IDAY,1,review_keep,2.9,
2019,IMONTH,IMONTH,1,review_keep,2.9,
2019,INCOME2,INCOME2,1,review_keep,2.957142857142857,
2019,IYEAR,IYEAR,1,review_keep,2.9,
2019,JOINPAI2,JOINPAI2,1,review_keep,1.4,
2019,LANDLINE,LANDLINE,1,review_keep,3.115384615384615,
2019,LASTSIG3,LASTSIG3,1,review_keep,3.1,
2019,LASTSMK2,LASTSMK2,1,review_keep,3.14,
2019,LMTJOIN3,LMTJOIN3,1,review_keep,3.5,
2019,LSTBLDS3,LSTBLDS3,1,review_keep,3.128571428571429,
2019,MARITAL,MARITAL,1,review_keep,2,
2019,MAXDRNKS,MAXDRNKS,1,review_keep,3.3,
2019,MEDCOST,MEDCOST,1,review_keep,3.5,
2019,MENTHLTH,MENTHLTH,1,review_keep,3.433333333333333,
2019,MJHOW2,USEMRJN2,1,review_keep,1.15,
2019,NOBCUSE7,NOBCUSE7,1,review_keep,1.4,
2019,NUMADULT,NUMADULT,1,review_keep,2.547058823529412,
2019,NUMHHOL3,NUMHHOL3,1,review_keep,1.4,
2019,NUMMEN,NUMMEN,1,review_keep,2.566666666666666,
2019,NUMPHON3,NUMPHON3,1,review_keep,1.4,
2019,NUMWOMEN,NUMWOMEN,1,review_keep,2.233333333333333,
2019,PDIABTST,PDIABTST,1,review_keep,3.5,
2019,PERSDOC2,PERSDOC2,1,review_keep,3.358181818181818,
2019,PFPPRVN3,PFPPRVN3,1,review_keep,1.4,
2019,PHYSHLTH,PHYSHLTH,1,review_keep,3.433333333333333,
2019,PNEUVAC4,PNEUVAC4,1,review_keep,1.4,
2019,POORHLTH,POORHLTH,1,review_keep,3.433333333333333,
2019,POTATOE1,POTATOE1,1,review_keep,3.5,
2019,PREDIAB1,PREDIAB1,1,review_keep,3.54,
2019,PREGNANT,PREGNANT,1,review_keep,3,
2019,PVTRESD1,PVTRESD1,1,review_keep,2.9,
2019,PVTRESD3,PVTRESD3,1,review_keep,2.7,
2019,QSTLANG,QSTLANG,1,review_keep,3.2,
2019,QSTVER,QSTVER,1,review_keep,1.4,
2019,RCSGENDR,RCSGENDR,1,review_keep,3.7,
2019,RCSRLTN2,RCSRLTN2,1,review_keep,3.4,
2019,RENTHOM1,RENTHOM1,1,review_keep,3.54,
2019,RESPSLCT,RESPSLCT,1,review_keep,1.4,
2019,SEQNO,SEQNO,1,review_keep,1.4,
2019,SMOKDAY2,SMOKDAY2,1,review_keep,3.22,
2019,SMOKE100,SMOKE100,1,review_keep,3.1,
2019,STOPSMK2,STOPSMK2,1,review_keep,2.9,
2019,STRENGTH,STRENGTH,1,review_keep,2.823076923076923,
2019,TETANUS1,TETANUS1,1,review_keep,1.4,
2019,TOLDHI2,TOLDHI2,1,review_keep,3.1,
2019,TRANSGENDER2,TRNSGNDR,1,review_keep,0.9952380952380953,
2019,TYPCNTR8,TYPCNTR8,1,review_keep,1.4,
2019,USENOW3,USENOW3,1,review_keep,2.9,
2019,VEGETAB2,VEGETAB2,1,review_keep,3.5,
2019,VETERAN3,VETERAN3,1,review_keep,3,
2019,WEIGHT2,WEIGHT2,1,review_keep,2.8,
2019,WTKG3,WTKG3,1,review_keep,2.65,
2020,ACEDEPRS,ACEDEPRS,1,review_keep,3.5,
2020,ACEDIVRC,ACEDIVRC,1,review_keep,3.54,
2020,ACEDRINK,ACEDRINK,1,review_keep,3.5,
2020,ACEDRUGS,ACEDRUGS,1,review_keep,3.5,
2020,ACEHURT1,ACEHURT1,1,review_keep,2.9,
2020,ACEHVSEX,ACEHVSEX,1,review_keep,3.38,
2020,ACEPRISN,ACEPRISN,1,review_keep,3.5,
2020,ACEPUNCH,ACEPUNCH,1,review_keep,3.38,
2020,ACESWEAR,ACESWEAR,1,review_keep,3.38,
2020,ACETOUCH,ACETOUCH,1,review_keep,3.38,
2020,ACETTHEM,ACETTHEM,1,review_keep,3.38,
2020,ADDEPEV3,ADDEPEV3,1,review_keep,2.9,
2020,ALCDAY5,ALCDAY5,1,review_keep,2.9,
2020,ASTHMA3,ASTHMA3,1,review_keep,3.1,
2020,ASTHNOW,ASTHNOW,1,review_keep,3.5,
2020,AVEDRNK3,AVEDRNK3,1,review_keep,2.7,
2020,BLDSTOL1,BLDSTOL1,1,review_keep,1.4,
2020,BLIND,BLIND,1,review_keep,3.5,
2020,CAREGIV1,CAREGIV1,1,review_keep,2.96,
2020,CCLGHOUS,CCLGHOUS,1,review_keep,2.275,
2020,CCLGHOUS,COLGHOUS,0,review_keep,0.7250000000000001,
2020,CDASSIST,CDASSIST,1,review_keep,3.242857142857143,
2020,CDDISCUS,CDDISCUS,1,review_keep,3.5,
2020,CDHELP,CDHELP,1,review_keep,3.585714285714285,
2020,CDHOUSE,CDHOUSE,1,review_keep,3.131168831168831,
2020,CDSOCIAL,CDSOCIAL,1,review_keep,3.502380952380952,
2020,CHCCOPD2,CHCCOPD2,1,review_keep,1.4,
2020,CHCKDNY2,CHCKDNY2,1,review_keep,1.4,
2020,CHCOCNCR,CHCOCNCR,1,review_keep,3.5,
2020,CHCSCNCR,CHCSCNCR,1,review_keep,3.5,
2020,CHECKUP1,CHECKUP1,1,review_keep,3.042857142857143,
2020,CHILDREN,CHILDREN,1,review_keep,3.7,
2020,CIMEMLOS,CIMEMLOS,1,review_keep,3.1,
2020,COLNSCPY,COLNSCPY,1,review_keep,1.4,
2020,COLNTEST,COLNTEST,1,review_keep,1.4,
2020,CPDEMO1B,CPDEMO1B,1,review_keep,1.4,
2020,CRGVALZD,CRGVALZD,1,review_keep,1.4,
2020,CRGVEXPT,CRGVEXPT,1,review_keep,3.346153846153846,
2020,CRGVHOU1,CRGVHOU1,1,review_keep,1.4,
2020,CRGVHRS1,CRGVHRS1,1,review_keep,3.566666666666666,
2020,CRGVLNG1,CRGVLNG1,1,review_keep,3.585714285714285,
2020,CRGVPER1,CRGVPER1,1,review_keep,1.4,
2020,CRGVPRB3,CRGVPRB3,1,review_keep,1.4,
2020,CRGVREL4,CRGVREL4,1,review_keep,1.4,
2020,CSTATE1,CSTATE1,1,review_keep,2.4,
2020,CVDCRHD4,CVDCRHD4,1,review_keep,3.5,
2020,CVDINFR4,CVDINFR4,1,review_keep,3.5,
2020,CVDSTRK3,CVDSTRK3,1,review_keep,3.5,
2020,DEAF,DEAF,1,review_keep,3.5,
2020,DECIDE,DECIDE,1,review_keep,3.5,
2020,DIABAGE3,DIABAGE3,1,review_keep,1.4,
2020,DIABETE4,DIABETE4,1,review_keep,1.4,
2020,DIFFALON,DIFFALON,1,review_keep,3.5,
2020,DIFFDRES,DIFFDRES,1,review_keep,3.5,
2020,DIFFWALK,DIFFWALK,1,review_keep,3.5,
2020,DISPCODE,DISPCODE,1,review_keep,2.4,
2020,DRNK3GE5,DRNK3GE5,1,review_keep,2.733333333333333,
2020,DRNKANY5,DRNKANY5,1,review_keep,2.866666666666666,
2020,DRNKDRI2,DRNKDRI2,1,review_keep,2.9,
2020,ECIGNOW,ECIGNOW,1,review_keep,3.54,
2020,EDUCA,EDUCA,1,review_keep,1.8,
2020,EMPLOY1,EMPLOY1,1,review_keep,3.111111111111111,
2020,EXERANY2,EXERANY2,1,review_keep,3.4,
2020,FALL12MN,FALL12MN,1,review_keep,2.9,
2020,FALLINJ4,FALLINJ4,1,review_keep,1.4,
2020,FLSHTMY3,FLSHTMY3,1,review_keep,1.4,
2020,FLUSHOT7,FLUSHOT7,1,review_keep,1.4,
2020,FMONTH,FMONTH,1,review_keep,3.7,
2020,GENHLTH,GENHLTH,1,review_keep,3.471428571428572,
2020,HADHYST2,HADHYST2,1,review_keep,3.5,
2020,HADMAM,HADMAM,1,review_keep,3.1,
2020,HADPAP2,HADPAP2,1,review_keep,3.1,
2020,HAVARTH4,HAVARTH4,1,review_keep,1.4,
2020,HEIGHT3,HEIGHT3,1,review_keep,2.8,
2020,HHADULT,HHADULT,1,review_keep,3.188888888888889,
2020,HIVRISK5,HIVRISK5,1,review_keep,3.277777777777778,
2020,HIVTST7,HIVTST7,1,review_keep,1.4,
2020,HLTHPLN1,HLTHPLN1,1,review_keep,3.5,
2020,HOWLONG,HOWLONG,1,review_keep,3.128571428571429,
2020,HPLSTTST,HPLSTTST,1,review_keep,3.128571428571429,
2020,HPVTEST,HPVTEST,1,review_keep,3.1,
2020,HTIN4,HTIN4,1,review_keep,2.4,
2020,HTM4,HTM4,1,review_keep,2.4,
2020,IDATE,IDATE,1,review_keep,2.9,
2020,IDAY,IDAY,1,review_keep,2.9,
2020,IMONTH,IMONTH,1,review_keep,2.9,
2020,INCOME2,INCOME2,1,review_keep,2.957142857142857,
2020,IYEAR,IYEAR,1,review_keep,2.9,
2020,LANDLINE,LANDLINE,1,review_keep,3.115384615384615,
2020,LASTDEN4,LASTDEN4,1,review_keep,1.4,
2020,LASTPAP2,LASTPAP2,1,review_keep,3.128571428571429,
2020,LASTSMK2,LASTSMK2,1,review_keep,3.22,
2020,LSTBLDS4,LSTBLDS4,1,review_keep,1.4,
2020,MARITAL,MARITAL,1,review_keep,2,
2020,MAXDRNKS,MAXDRNKS,1,review_keep,3.3,
2020,MEDCOST,MEDCOST,1,review_keep,3.5,
2020,MENTHLTH,MENTHLTH,1,review_keep,3.342424242424242,
2020,MJHOW2,USEMRJN2,1,review_keep,1.15,
2020,NUMADULT,NUMADULT,1,review_keep,2.194117647058824,
2020,NUMHHOL3,NUMHHOL3,1,review_keep,1.4,
2020,NUMMEN,NUMMEN,1,review_keep,2.566666666666666,
2020,NUMPHON3,NUMPHON3,1,review_keep,1.4,
2020,NUMWOMEN,NUMWOMEN,1,review_keep,2.233333333333333,
2020,PCPSAAD3,PCPSAAD3,1,review_keep,1.4,
2020,PCPSADI1,PCPSADI1,1,review_keep,2.9,
2020,PCPSARE1,PCPSARE1,1,review_keep,2.9,
2020,PCPSARS1,PCPSARS1,1,review_keep,2.9,
2020,PDIABTST,PDIABTST,1,review_keep,3.5,
2020,PERSDOC2,PERSDOC2,1,review_keep,3.386153846153846,
2020,PHYSHLTH,PHYSHLTH,1,review_keep,3.322222222222222,
2020,PNEUVAC4,PNEUVAC4,1,review_keep,1.4,
2020,POORHLTH,POORHLTH,1,review_keep,3.433333333333333,
2020,PREDIAB1,PREDIAB1,1,review_keep,3.54,
2020,PREGNANT,PREGNANT,1,review_keep,3,
2020,PSATEST1,PSATEST1,1,review_keep,2.9,
2020,PSATIME,PSATIME,1,review_keep,2.9,
2020,PVTRESD1,PVTRESD1,1,review_keep,2.9,
2020,PVTRESD3,PVTRESD3,1,review_keep,2.7,
2020,QSTLANG,QSTLANG,1,review_keep,3.2,
2020,QSTVER,QSTVER,1,review_keep,1.4,
2020,RENTHOM1,RENTHOM1,1,review_keep,3.54,
2020,RESPSLCT,RESPSLCT,1,review_keep,1.4,
2020,RMVTETH4,RMVTETH4,1,review_keep,1.4,
2020,SDNATEST,SDNATEST,1,review_keep,1.4,
2020,SEATBELT,SEATBELT,1,review_keep,3.375,
2020,SEQNO,SEQNO,1,review_keep,1.4,
2020,SEXVAR,SEXVAR,1,review_keep,1.4,
2020,SHINGLE2,SHINGLE2,1,review_keep,1.4,
2020,SIGMSCPY,SIGMSCPY,1,review_keep,1.4,
2020,SIGMTEST,SIGMTEST,1,review_keep,1.4,
2020,SLEPTIM1,SLEPTIM1,1,review_keep,2.9,
2020,SMOKDAY2,SMOKDAY2,1,review_keep,3.22,
2020,SMOKE100,SMOKE100,1,review_keep,3.1,
2020,STOOLDNA,STOOLDNA,1,review_keep,1.4,
2020,STOPSMK2,STOPSMK2,1,review_keep,2.9,
2020,USENOW3,USENOW3,1,review_keep,3.54,
2020,VCLNTEST,VCLNTEST,1,review_keep,1.4,
2020,VETERAN3,VETERAN3,1,review_keep,2.909090909090909,
2020,VIRCOLON,VIRCOLON,1,review_keep,1.4,
2020,WEIGHT2,WEIGHT2,1,review_keep,2.8,
2020,WTKG3,WTKG3,1,review_keep,2.65,
2021,ACEADNED,ACEADNED,1,review_keep,3.585714285714285,
2021,ACEADSAF,ACEADSAF,1,review_keep,3.485714285714286,
2021,ACEDEPRS,ACEDEPRS,1,review_keep,3.5,
2021,ACEDIVRC,ACEDIVRC,1,review_keep,3.54,
2021,ACEDRINK,ACEDRINK,1,review_keep,3.5,
2021,ACEDRUGS,ACEDRUGS,1,review_keep,3.5,
2021,ACEHURT1,ACEHURT1,1,review_keep,3.54,
2021,ACEHVSEX,ACEHVSEX,1,review_keep,3.54,
2021,ACEPRISN,ACEPRISN,1,review_keep,3.5,
2021,ACEPUNCH,ACEPUNCH,1,review_keep,3.54,
2021,ACESWEAR,ACESWEAR,1,review_keep,3.54,
2021,ACETOUCH,ACETOUCH,1,review_keep,3.54,
2021,ACETTHEM,ACETTHEM,1,review_keep,3.54,
2021,ADDEPEV3,ADDEPEV3,1,review_keep,3.5,
2021,ALCDAY5,ALCDAY5,1,review_keep,2.9,
2021,ARTHDIS2,ARTHDIS2,1,review_keep,3.5,
2021,ARTHEDU,ARTHEDU,1,review_keep,3.5,
2021,ARTHEXER,ARTHEXER,1,review_keep,3.5,
2021,ASTHMA3,ASTHMA3,1,review_keep,3.1,
2021,ASTHNOW,ASTHNOW,1,review_keep,3.5,
2021,AVEDRNK3,AVEDRNK3,1,review_keep,2.757142857142857,
2021,BLDSTFIT,BLDSTFIT,1,review_keep,3.5,
2021,BLIND,BLIND,1,review_keep,3.5,
2021,BPHIGH6,BPHIGH6,1,review_keep,3.033333333333333,
2021,BPMEDS,BPMEDS,1,review_keep,3.357142857142857,
2021,CADULT1,CADULT1,1,review_keep,2.471428571428572,
2021,CAREGIV1,CAREGIV1,1,review_keep,2.96,
2021,CCLGHOUS,CCLGHOUS,1,review_keep,2.4,
2021,CDASSIST,CDASSIST,1,review_keep,3.242857142857143,
2021,CDDISCUS,CDDISCUS,1,review_keep,3.5,
2021,CDHELP,CDHELP,1,review_keep,3.585714285714285,
2021,CDHOUSE,CDHOUSE,1,review_keep,3.494805194805195,
2021,CDSOCIAL,CDSOCIAL,1,review_keep,3.502380952380952,
2021,CELLFON5,CELLFON5,1,review_keep,2.3,
2021,CELPHON1,CELPHON1,1,review_keep,2.9,
2021,CHCCOPD3,CHCCOPD3,1,review_keep,3.5,
2021,CHCKDNY2,CHCKDNY2,1,review_keep,3.5,
2021,CHCOCNCR,CHCOCNCR,1,review_keep,3.5,
2021,CHCSCNCR,CHCSCNCR,1,review_keep,3.5,
2021,CHECKUP1,CHECKUP1,1,review_keep,3.242857142857143,
2021,CHILDREN,CHILDREN,1,review_keep,3.7,
2021,CHOLCHK3,CHOLCHK3,1,review_keep,2.988888888888889,
2021,CHOLMED3,CHOLMED3,1,review_keep,3.5,
2021,CIMEMLOS,CIMEMLOS,1,review_keep,3.1,
2021,COLGHOUS,COLGHOUS,1,review_keep,2.9,
2021,COLNCNCR,COLNCNCR,1,review_keep,3.1,
2021,COLNSIGM,COLNSIGM,1,review_keep,3.06,
2021,COLNTES1,COLNTES1,1,review_keep,3.014285714285714,
2021,CPDEMO1B,CPDEMO1B,1,review_keep,3.3,
2021,CRGVALZD,CRGVALZD,1,review_keep,3.5,
2021,CRGVEXPT,CRGVEXPT,1,review_keep,3.346153846153846,
2021,CRGVHOU1,CRGVHOU1,1,review_keep,3.4,
2021,CRGVHRS1,CRGVHRS1,1,review_keep,3.566666666666666,
2021,CRGVLNG1,CRGVLNG1,1,review_keep,3.242857142857143,
2021,CRGVPER1,CRGVPER1,1,review_keep,3.4,
2021,CRGVPRB3,CRGVPRB3,1,review_keep,3.244444444444444,
2021,CRGVREL4,CRGVREL4,1,review_keep,3.605882352941177,
2021,CSTATE1,CSTATE1,1,review_keep,2.9,
2021,CTELENM1,CTELENM1,1,review_keep,2.3,
2021,CTELNUM1,CTELNUM1,1,review_keep,2.3,
2021,CVDCRHD4,CVDCRHD4,1,review_keep,3.5,
2021,CVDINFR4,CVDINFR4,1,review_keep,3.5,
2021,CVDSTRK3,CVDSTRK3,1,review_keep,3.5,
2021,DEAF,DEAF,1,review_keep,3.5,
2021,DECIDE,DECIDE,1,review_keep,3.5,
2021,DIABAGE3,DIABAGE3,1,review_keep,3.166666666666667,
2021,DIABETE4,DIABETE4,1,review_keep,3.033333333333333,
2021,DIFFALON,DIFFALON,1,review_keep,3.5,
2021,DIFFDRES,DIFFDRES,1,review_keep,3.5,
2021,DIFFWALK,DIFFWALK,1,review_keep,3.5,
2021,DISPCODE,DISPCODE,1,review_keep,2.9,
2021,DRNK3GE5,DRNK3GE5,1,review_keep,2.733333333333333,
2021,DRNKANY5,DRNKANY5,1,review_keep,2.866666666666666,
2021,ECIGNOW1,ECIGNOW1,1,review_keep,3.433333333333333,
2021,EDUCA,EDUCA,1,review_keep,1.8,
2021,EMPLOY1,EMPLOY1,1,review_keep,3.022222222222222,
2021,EXERANY2,EXERANY2,1,review_keep,3.4,
2021,FLSHTMY3_YEAR,FLSHTMY3,1,review_keep,1.079487179,
2021,FLUSHOT7,FLUSHOT7,1,review_keep,2.918181818181818,
2021,FMONTH,FMONTH,1,review_keep,2.9,
2021,FRENCHF1,FRENCHF1,1,review_keep,2.9,
2021,FRUIT2,FRUIT2,1,review_keep,2.9,
2021,FRUITJU2,FRUITJU2,1,review_keep,2.685714285714285,
2021,FVGREEN1,FVGREEN1,1,review_keep,2.9,
2021,GENHLTH,GENHLTH,1,review_keep,3.471428571428572,
2021,HADSIGM4,HADSIGM4,1,review_keep,3.1,
2021,HAVARTH5,HAVARTH5,1,review_keep,2.6,
2021,HEIGHT3,HEIGHT3,1,review_keep,2.8,
2021,HHADULT,HHADULT,1,review_keep,2.9,
2021,HIVTST7,HIVTST7,1,review_keep,3,
2021,HIVTSTD3_YEAR,HIVTSTD3,1,review_keep,1.246153846153846,
2021,HTIN4,HTIN4,1,review_keep,2.4,
2021,HTM4,HTM4,1,review_keep,2.4,
2021,IDATE,IDATE,1,review_keep,2.9,
2021,IDAY,IDAY,1,review_keep,2.9,
2021,IMFVPLA2,IMFVPLA2,1,review_keep,2.9,
2021,IMONTH,IMONTH,1,review_keep,2.9,
2021,INCOME3,INCOME3,1,review_keep,3.084615384615384,
2021,IYEAR,IYEAR,1,review_keep,2.9,
2021,JOINPAI2,JOINPAI2,1,review_keep,2.614285714285714,
2021,LADULT1,LADULT1,1,review_keep,2.9,
2021,LANDLINE,LANDLINE,1,review_keep,3.5,
2021,LASTSIG4,LASTSIG4,1,review_keep,3.014285714285714,
2021,LASTSMK2,LASTSMK2,1,review_keep,2.9,
2021,LMTJOIN3,LMTJOIN3,1,review_keep,3.5,
2021,MARITAL,MARITAL,1,review_keep,3.585714285714285,
2021,MAXDRNKS,MAXDRNKS,1,review_keep,3.3,
2021,MEDCOST1,MEDCOST1,1,review_keep,3.388888888888889,
2021,MENTHLTH,MENTHLTH,1,review_keep,3.342424242424242,
2021,NUMADULT,NUMADULT,1,review_keep,2.194117647058824,
2021,NUMHHOL3,NUMHHOL3,1,review_keep,3.023076923076923,
2021,NUMMEN,NUMMEN,1,review_keep,2.9,
2021,NUMPHON3,NUMPHON3,1,review_keep,3.3,
2021,NUMWOMEN,NUMWOMEN,1,review_keep,2.9,
2021,ORGSEQNO,SEQNO,1,review_keep,1.25,
2021,PDIABTST,PDIABTST,1,review_keep,3.5,
2021,PERSDOC3,PERSDOC3,1,review_keep,3.415,
2021,PHYSHLTH,PHYSHLTH,1,review_keep,3.322222222222222,
2021,PNEUVAC4,PNEUVAC4,1,review_keep,3.7,
2021,POORHLTH,POORHLTH,1,review_keep,3.433333333333333,
2021,POTATOE1,POTATOE1,1,review_keep,2.9,
2021,PREDIAB1,PREDIAB1,1,review_keep,3.54,
2021,PREGNANT,PREGNANT,1,review_keep,3,
2021,PRIMINSR,PRIMINSR,1,review_keep,2.730769230769231,
2021,PVTRESD1,PVTRESD1,1,review_keep,2.9,
2021,PVTRESD3,PVTRESD3,1,review_keep,2.4,
2021,QSTLANG,QSTLANG,1,review_keep,3.2,
2021,QSTVER,QSTVER,1,review_keep,1.4,
2021,RENTHOM1,RENTHOM1,1,review_keep,3.54,
2021,RESPSLCT,RESPSLCT,1,review_keep,2.4,
2021,SAFETIME,SAFETIME,1,review_keep,2.4,
2021,SDNATES1,SDNATES1,1,review_keep,3.128571428571429,
2021,SEXVAR,SEXVAR,1,review_keep,2.9,
2021,SIGMTES1,SIGMTES1,1,review_keep,2.9,
2021,SMALSTOL,SMALSTOL,1,review_keep,3.1,
2021,SMOKDAY2,SMOKDAY2,1,review_keep,3.54,
2021,SMOKE100,SMOKE100,1,review_keep,3.1,
2021,STATERE1,STATERE1,1,review_keep,2.9,
2021,STOLTEST,STOLTEST,1,review_keep,3.128571428571429,
2021,STOOLDN1,STOOLDN1,1,review_keep,3.028571428571428,
2021,STOPSMK2,STOPSMK2,1,review_keep,3.5,
2021,SXORIENT,SOFEMALE,0,review_keep,1.164285714285714,
2021,SXORIENT,SOMALE,1,review_keep,1.214285714285714,
2021,TOLDHI3,TOLDHI3,1,review_keep,3.5,
2021,USENOW3,USENOW3,1,review_keep,3.54,
2021,VCLNTES1,VCLNTES1,1,review_keep,2.742857142857143,
2021,VEGETAB2,VEGETAB2,1,review_keep,2.9,
2021,VETERAN3,VETERAN3,1,review_keep,2.909090909090909,
2021,VIRCOLO1,VIRCOLO1,1,review_keep,3.1,
2021,WEIGHT2,WEIGHT2,1,review_keep,2.8,
2021,WTKG3,WTKG3,1,review_keep,2.65,
2022,ACEADNED,ACEADNED,1,review_keep,2.9,
2022,ACEADSAF,ACEADSAF,1,review_keep,2.828571428571428,
2022,ACEDEPRS,ACEDEPRS,1,review_keep,3.5,
2022,ACEDIVRC,ACEDIVRC,1,review_keep,3.54,
2022,ACEDRINK,ACEDRINK,1,review_keep,3.5,
2022,ACEDRUGS,ACEDRUGS,1,review_keep,3.5,
2022,ACEHURT1,ACEHURT1,1,review_keep,3.54,
2022,ACEHVSEX,ACEHVSEX,1,review_keep,3.54,
2022,ACEPRISN,ACEPRISN,1,review_keep,3.5,
2022,ACEPUNCH,ACEPUNCH,1,review_keep,3.54,
2022,ACESWEAR,ACESWEAR,1,review_keep,3.54,
2022,ACETOUCH,ACETOUCH,1,review_keep,3.54,
2022,ACETTHEM,ACETTHEM,1,review_keep,3.54,
2022,ADDEPEV3,ADDEPEV3,1,review_keep,3.5,
2022,ALCDAY4,ALCDAY4,1,review_keep,2.9,
2022,ASTHMA3,ASTHMA3,1,review_keep,3.1,
2022,ASTHNOW,ASTHNOW,1,review_keep,3.5,
2022,AVEDRNK3,AVEDRNK3,1,review_keep,2.5,
2022,BIRTHSEX,BIRTHSEX,1,review_keep,3.5,
2022,BLDSTFIT,BLDSTFIT,1,review_keep,3.7,
2022,BLIND,BLIND,1,review_keep,3.5,
2022,CAREGIV1,CAREGIV1,1,review_keep,3.06,
2022,CDASSIST,CDASSIST,1,review_keep,3.242857142857143,
2022,CDDISCUS,CDDISCUS,1,review_keep,3.5,
2022,CDHELP,CDHELP,1,review_keep,3.585714285714285,
2022,CDHOUSE,CDHOUSE,1,review_keep,3.494805194805195,
2022,CDSOCIAL,CDSOCIAL,1,review_keep,3.585714285714285,
2022,CERVSCRN,CERVSCRN,1,review_keep,3.1,
2022,CHCCOPD3,CHCCOPD3,1,review_keep,3.5,
2022,CHCKDNY2,CHCKDNY2,1,review_keep,3.5,
2022,CHCOCNC1,CHCOCNC1,1,review_keep,3.5,
2022,CHCSCNC1,CHCSCNC1,1,review_keep,3.5,
2022,CHECKUP1,CHECKUP1,1,review_keep,3.242857142857143,
2022,CHILDREN,CHILDREN,1,review_keep,3.7,
2022,CIMEMLOS,CIMEMLOS,1,review_keep,3.1,
2022,CNCRAGE,CNCRAGE,1,review_keep,2.966666666666666,
2022,CNCRDIFF,CNCRDIFF,1,review_keep,3.38,
2022,CNCRTYP2,CNCRTYP2,1,review_keep,3.65,
2022,COLNCNCR,COLNCNCR,1,review_keep,3.1,
2022,COLNSIGM,COLNSIGM,1,review_keep,3.22,
2022,COLNTES1,COLNTES1,1,review_keep,3.128571428571429,
2022,COVIDPOS,COVIDPOS,1,review_keep,3.06,
2022,COVIDPRM,COVIDPRM,1,review_keep,3.207692307692308,
2022,COVIDSMP,COVIDSMP,1,review_keep,2.988888888888889,
2022,CRGVALZD,CRGVALZD,1,review_keep,3.5,
2022,CRGVEXPT,CRGVEXPT,1,review_keep,3.5,
2022,CRGVHOU1,CRGVHOU1,1,review_keep,3.5,
2022,CRGVHRS1,CRGVHRS1,1,review_keep,3.566666666666666,
2022,CRGVLNG1,CRGVLNG1,1,review_keep,3.471428571428572,
2022,CRGVPER1,CRGVPER1,1,review_keep,3.5,
2022,CRGVPRB3,CRGVPRB3,1,review_keep,3.270588235294118,
2022,CRGVREL4,CRGVREL4,1,review_keep,3.605882352941177,
2022,CRVCLCNC,CRVCLCNC,1,review_keep,3.128571428571429,
2022,CRVCLHPV,CRVCLHPV,1,review_keep,3.5,
2022,CRVCLPAP,CRVCLPAP,1,review_keep,3.5,
2022,CVDCRHD4,CVDCRHD4,1,review_keep,3.5,
2022,CVDINFR4,CVDINFR4,1,review_keep,3.5,
2022,CVDSTRK3,CVDSTRK3,1,review_keep,3.5,
2022,DEAF,DEAF,1,review_keep,3.5,
2022,DECIDE,DECIDE,1,review_keep,3.5,
2022,DIABETE4,DIABETE4,1,review_keep,3.033333333333333,
2022,DIFFALON,DIFFALON,1,review_keep,3.5,
2022,DIFFDRES,DIFFDRES,1,review_keep,3.5,
2022,DIFFWALK,DIFFWALK,1,review_keep,3.5,
2022,DISPCODE,DISPCODE,1,review_keep,2.9,
2022,DRNK3GE5,DRNK3GE5,1,review_keep,2.933333333333333,
2022,DRNKANY6,DRNKANY6,1,review_keep,2.866666666666666,
2022,ECIGNOW2,ECIGNOW2,1,review_keep,3.566666666666666,
2022,EDUCA,EDUCA,1,review_keep,1.742857142857143,
2022,EMPLOY1,EMPLOY1,1,review_keep,3.2,
2022,EXERANY2,EXERANY2,1,review_keep,3.5,
2022,FLSHTMY3_YEAR,FLSHTMY3,1,review_keep,1.246153846153846,
2022,FLUSHOT7,FLUSHOT7,1,review_keep,3.1,
2022,FMONTH,FMONTH,1,review_keep,2.9,
2022,GENHLTH,GENHLTH,1,review_keep,3.585714285714285,
2022,HADHYST2,HADHYST2,1,review_keep,3.5,
2022,HADMAM,HADMAM,1,review_keep,3.1,
2022,HADSIGM4,HADSIGM4,1,review_keep,3.1,
2022,HAVARTH4,HAVARTH4,1,review_keep,2.9,
2022,HEIGHT3,HEIGHT3,1,review_keep,2.8,
2022,HHADULT,HHADULT,1,review_keep,3.3,
2022,HIVRISK5,HIVRISK5,1,review_keep,2.9,
2022,HIVTST7,HIVTST7,1,review_keep,3,
2022,HIVTSTD3_YEAR,HIVTSTD3,1,review_keep,1.246153846153846,
2022,HOWLONG,HOWLONG,1,review_keep,3.128571428571429,
2022,HTIN4,HTIN4,1,review_keep,2.4,
2022,HTM4,HTM4,1,review_keep,2.4,
2022,IDATE,IDATE,1,review_keep,2.9,
2022,IDAY,IDAY,1,review_keep,2.9,
2022,IMONTH,IMONTH,1,review_keep,2.9,
2022,INCOME3,INCOME3,1,review_keep,3.084615384615384,
2022,IYEAR,IYEAR,1,review_keep,2.9,
2022,LANDCELL,LANDLINE,1,review_keep,1.2,
2022,LASTDEN4,LASTDEN4,1,review_keep,2.9,
2022,LASTSIG4,LASTSIG4,1,review_keep,2.906349206349206,
2022,LCSCTSC1,LCSCTSC1,1,review_keep,3.1,
2022,LCSCTWHN,LCSCTWHN,1,review_keep,3.1,
2022,LCSFIRST,LCSFIRST,1,review_keep,3.166666666666667,
2022,LCSLAST,LCSLAST,1,review_keep,3.3,
2022,LCSNUMCG,LCSNUMCG,1,review_keep,3.3,
2022,LCSSCNCR,LCSSCNCR,1,review_keep,3.1,
2022,MARIJAN1,MARIJAN1,1,review_keep,2.7,
2022,MARITAL,MARITAL,1,review_keep,3.585714285714285,
2022,MARJDAB,MARJDAB,1,review_keep,3.5,
2022,MARJEAT,MARJEAT,1,review_keep,3.5,
2022,MARJOTHR,MARJOTHR,1,review_keep,3.5,
2022,MARJSMOK,MARJSMOK,1,review_keep,3.5,
2022,MARJVAPE,MARJVAPE,1,review_keep,3,
2022,MAXDRNKS,MAXDRNKS,1,review_keep,3.3,
2022,MEDCOST1,MEDCOST1,1,review_keep,3.388888888888889,
2022,MENTCIGS,MENTCIGS,1,review_keep,3.5,
2022,MENTHLTH,MENTHLTH,1,review_keep,3.433333333333333,
2022,MFPBCPREF,BCPREFER,1,review_keep,1.527777777777778,
2022,MFPBCUSEX,BRTHCNT4,0,review_keep,1.417777777777778,
2022,MFPBCUSEX,TYPCNTR9,1,review_keep,1.488888888888889,
2022,MFPBCWHERE,WHEREGET,1,review_keep,0.9133333333333332,
2022,MFPPREVEN,PFPPRVN4,1,review_keep,1.422222222222222,
2022,MFPREASON,NOBCUSE8,1,review_keep,1.294444444444445,
2022,MFPSEXINT,HADSEX,1,review_keep,1.333333333333333,
2022,ORGSEQNO,SEQNO,1,review_keep,1.25,
2022,PDIABTS1,PDIABTS1,1,review_keep,3.077777777777778,
2022,PERSDOC3,PERSDOC3,1,review_keep,3.415,
2022,PHYSHLTH,PHYSHLTH,1,review_keep,3.433333333333333,
2022,PNEUVAC4,PNEUVAC4,1,review_keep,3.7,
2022,POORHLTH,POORHLTH,1,review_keep,3.433333333333333,
2022,PREDIAB1,PREDIAB2,1,review_keep,1.99,
2022,PREGNANT,PREGNANT,1,review_keep,3,
2022,PRIMINSR,PRIMINSR,1,review_keep,2.792307692307692,
2022,QSTLANG,QSTLANG,1,review_keep,3.2,
2022,QSTVER,QSTVER,1,review_keep,1.4,
2022,RENTHOM1,RENTHOM1,1,review_keep,3.54,
2022,RESPSLCT,RESPSLCT,1,review_keep,2.4,
2022,RMVTETH4,RMVTETH4,1,review_keep,3.433333333333333,
2022,SDNATES1,SDNATES1,1,review_keep,2.909523809523809,
2022,SEXVAR,SEXVAR,1,review_keep,2.9,
2022,SIGMTES1,SIGMTES1,1,review_keep,2.9,
2022,SLEPTIM1,SLEPTIM1,1,review_keep,3.3,
2022,SMALSTOL,SMALSTOL,1,review_keep,3.1,
2022,SMOKDAY2,SMOKDAY2,1,review_keep,3.54,
2022,SMOKE100,SMOKE100,1,review_keep,3.1,
2022,STOLTEST,STOLTEST,1,review_keep,2.928571428571429,
2022,STOOLDN2,STOOLDN2,1,review_keep,3.1,
2022,SXORIENT,SOFEMALE,0,review_keep,1.164285714285714,
2022,SXORIENT,SOMALE,1,review_keep,1.214285714285714,
2022,TETANUS2,TETANUS1,1,review_keep,1.883333333333333,
2022,USENOW3,USENOW3,1,review_keep,2.9,
2022,VCLNTES2,VCLNTES2,1,review_keep,2.378571428571429,
2022,VETERAN3,VETERAN3,1,review_keep,3,
2022,VIRCOLO1,VIRCOLO1,1,review_keep,3.1,
2022,WEIGHT2,WEIGHT2,1,review_keep,2.8,
2022,WTKG3,WTKG3,1,review_keep,2.65,
2023,ACEADNED,ACEADNED,1,review_keep,2.9,
2023,ACEADSAF,ACEADSAF,1,review_keep,2.828571428571428,
2023,ACEDEPRS,ACEDEPRS,1,review_keep,3.7,
2023,ACEDIVRC,ACEDIVRC,1,review_keep,3.7,
2023,ACEDRINK,ACEDRINK,1,review_keep,3.7,
2023,ACEDRUGS,ACEDRUGS,1,review_keep,3.7,
2023,ACEHURT1,ACEHURT1,1,review_keep,3.7,
2023,ACEHVSEX,ACEHVSEX,1,review_keep,3.7,
2023,ACEPRISN,ACEPRISN,1,review_keep,3.7,
2023,ACEPUNCH,ACEPUNCH,1,review_keep,3.7,
2023,ACESWEAR,ACESWEAR,1,review_keep,3.7,
2023,ACETOUCH,ACETOUCH,1,review_keep,3.7,
2023,ACETTHEM,ACETTHEM,1,review_keep,3.7,
2023,ADDEPEV3,ADDEPEV3,1,review_keep,3.7,
2023,ALCDAY4,ALCDAY4,1,review_keep,2.614285714285714,
2023,ARTHEDU,ARTHEDU,1,review_keep,3.7,
2023,ARTHEXER,ARTHEXER,1,review_keep,2.9,
2023,ASTHMA3,ASTHMA3,1,review_keep,3.1,
2023,ASTHNOW,ASTHNOW,1,review_keep,3.7,
2023,AVEDRNK3,AVEDRNK3,1,review_keep,2.627272727272727,
2023,BLDSTFIT,BLDSTFIT,1,review_keep,3.5,
2023,BLIND,BLIND,1,review_keep,3.7,
2023,BPHIGH6,BPHIGH6,1,review_keep,3.033333333333333,
2023,BPMEDS1,BPMEDS1,1,review_keep,3.7,
2023,CAREGIV1,CAREGIV1,1,review_keep,3.06,
2023,CCLGHOUS,CCLGHOUS,1,review_keep,2.4,
2023,CDDISCU1,CDDISCU1,1,review_keep,3.7,
2023,CDHOUS1,CDHOUS1,1,review_keep,2.8,
2023,CDSOCIA1,CDSOCIA1,1,review_keep,3.7,
2023,CDWORRY,CDWORRY,1,review_keep,3.7,
2023,CHCCOPD3,CHCCOPD3,1,review_keep,3.7,
2023,CHCKDNY2,CHCKDNY2,1,review_keep,3.7,
2023,CHCOCNC1,CHCOCNC1,1,review_keep,3.7,
2023,CHCSCNC1,CHCSCNC1,1,review_keep,3.7,
2023,CHECKUP1,CHECKUP1,1,review_keep,3.357142857142857,
2023,CHILDREN,CHILDREN,1,review_keep,3.7,
2023,CHOLCHK3,CHOLCHK3,1,review_keep,2.988888888888889,
2023,CHOLMED3,CHOLMED3,1,review_keep,3.7,
2023,CIMEMLO1,CIMEMLO1,1,review_keep,2.372727272727273,
2023,COLGHOUS,COLGHOUS,1,review_keep,2.9,
2023,COLNCNCR,COLNCNCR,1,review_keep,3.028571428571428,
2023,COLNSIGM,COLNSIGM,1,review_keep,3.22,
2023,COLNTES1,COLNTES1,1,review_keep,3.242857142857143,
2023,COVIDACT,COVIDACT,1,review_keep,3.54,
2023,COVIDPO1,COVIDPO1,1,review_keep,3.1,
2023,COVIDSM1,COVIDSM1,1,review_keep,3.1,
2023,CRGVALZD,CRGVALZD,1,review_keep,3.7,
2023,CRGVEXPT,CRGVEXPT,1,review_keep,3.7,
2023,CRGVHOU1,CRGVHOU1,1,review_keep,3.7,
2023,CRGVHRS1,CRGVHRS1,1,review_keep,3.7,
2023,CRGVLNG1,CRGVLNG1,1,review_keep,3.585714285714285,
2023,CRGVPER1,CRGVPER1,1,review_keep,3.7,
2023,CRGVPRB3,CRGVPRB3,1,review_keep,3.270588235294118,
2023,CRGVREL4,CRGVREL4,1,review_keep,3.652941176470588,
2023,CVDCRHD4,CVDCRHD4,1,review_keep,3.7,
2023,CVDINFR4,CVDINFR4,1,review_keep,3.7,
2023,CVDSTRK3,CVDSTRK3,1,review_keep,3.7,
2023,DEAF,DEAF,1,review_keep,3.7,
2023,DECIDE,DECIDE,1,review_keep,3.7,
2023,DIABAGE4,DIABAGE4,1,review_keep,3.433333333333333,
2023,DIABETE4,DIABETE4,1,review_keep,3.033333333333333,
2023,DIFFALON,DIFFALON,1,review_keep,3.7,
2023,DIFFDRES,DIFFDRES,1,review_keep,3.7,
2023,DIFFWALK,DIFFWALK,1,review_keep,3.7,
2023,DISPCODE,DISPCODE,1,review_keep,2.9,
2023,DRNK3GE5,DRNK3GE5,1,review_keep,2.79047619,
2023,DRNKANY6,DRNKANY6,1,review_keep,2.866666666666666,
2023,DRNKDRI2,DRNKDRI2,1,review_keep,3.7,
2023,ECIGNOW2,ECIGNOW2,1,review_keep,3.077777777777778,
2023,EDUCA,EDUCA,1,review_keep,1.742857142857143,
2023,EMPLOY1,EMPLOY1,1,review_keep,3.2,
2023,EXERANY2,EXERANY2,1,review_keep,3.1,
2023,EXERHMM1,EXERHMM1,1,review_keep,3.7,
2023,EXERHMM2,EXERHMM2,1,review_keep,3.7,
2023,EXEROFT1,EXEROFT1,1,review_keep,3.7,
2023,EXEROFT2,EXEROFT2,1,review_keep,3.7,
2023,EXRACT12,EXRACT12,1,review_keep,3.453846153846154,
2023,EXRACT22,EXRACT22,1,review_keep,3.414285714285714,
2023,FALL12MN,FALL12MN,1,review_keep,2.9,
2023,FALLINJ5,FALLINJ5,1,review_keep,3.5,
2023,FIREARMS,FIREARM5,1,review_keep,1.55,
2023,FLSHTMY3,FLSHTMY3,1,review_keep,2.757142857142857,
2023,FLUSHOT7,FLUSHOT7,1,review_keep,3.1,
2023,FMONTH,FMONTH,1,review_keep,3.7,
2023,GENHLTH,GENHLTH,1,review_keep,3.7,
2023,GUNLOAD,GUNLOAD,1,review_keep,3.1,
2023,HADSIGM4,HADSIGM4,1,review_keep,3.1,
2023,HAVARTH4,HAVARTH4,1,review_keep,2.9,
2023,HEATTBCO,HEATTBCO,1,review_keep,3.7,
2023,HEIGHT3,HEIGHT3,1,review_keep,3.2,
2023,HHADULT,HHADULT,1,review_keep,3.427272727272727,
2023,HIVTST7,HIVTST7,1,review_keep,3.1,
2023,HIVTSTD3_YEAR,HIVTSTD3,1,review_keep,1.246153846153846,
2023,HTIN4,HTIN4,1,review_keep,2.4,
2023,HTM4,HTM4,1,review_keep,2.4,
2023,IDATE,IDATE,1,review_keep,2.9,
2023,IDAY,IDAY,1,review_keep,2.9,
2023,IMONTH,IMONTH,1,review_keep,2.9,
2023,INCOME3,INCOME3,1,review_keep,3.146153846153846,
2023,IYEAR,IYEAR,1,review_keep,2.9,
2023,JOINPAI2,JOINPAI2,1,review_keep,2.93974359,
2023,LADULT1,CADULT1,0,review_keep,1.342857142857143,
2023,LADULT1,LADULT1,1,review_keep,2.9,
2023,LANDLINE,LANDLINE,1,review_keep,3.7,
2023,LANDSEX2,LANDSEX2,1,review_keep,2.04,
2023,LASTSIG4,LASTSIG4,1,review_keep,3.128571428571429,
2023,LASTSMK2,LASTSMK2,1,review_keep,2.9,
2023,LOADULK2,LOADULK2,1,review_keep,3.7,
2023,MARIJAN1,MARIJAN1,1,review_keep,2.7,
2023,MARITAL,MARITAL,1,review_keep,2.2,
2023,MARJDAB,MARJDAB,1,review_keep,3.588888888888889,
2023,MARJEAT,MARJEAT,1,review_keep,3.616666666666666,
2023,MARJOTHR,MARJOTHR,1,review_keep,3.5,
2023,MARJSMOK,MARJSMOK,1,review_keep,3.7,
2023,MARJVAPE,MARJVAPE,1,review_keep,3.1,
2023,MAXDRNKS,MAXDRNKS,1,review_keep,3.433333333333333,
2023,MEDCOST1,MEDCOST1,1,review_keep,3.6,
2023,MENTCIGS,MENTCIGS,1,review_keep,3.7,
2023,MENTECIG,MENTECIG,1,review_keep,3.7,
2023,MENTHLTH,MENTHLTH,1,review_keep,3.7,
2023,NUMADULT,NUMADULT,1,review_keep,2.547058823529412,
2023,NUMHHOL4,NUMHHOL4,1,review_keep,3.033333333333333,
2023,NUMPHON4,NUMPHON4,1,review_keep,3.166666666666667,
2023,PDIABTS1,PDIABTS1,1,review_keep,3.166666666666667,
2023,PERSDOC3,PERSDOC3,1,review_keep,3.7,
2023,PHYSHLTH,PHYSHLTH,1,review_keep,3.7,
2023,PNEUVAC4,PNEUVAC4,1,review_keep,3.366666666666666,
2023,POORHLTH,POORHLTH,1,review_keep,3.7,
2023,PREDIAB2,PREDIAB2,1,review_keep,3.7,
2023,PREGNANT,PREGNANT,1,review_keep,3.2,
2023,PRIMINS1,PRIMINS1,1,review_keep,3.392307692307692,
2023,PVTRESD1,PVTRESD1,1,review_keep,2.9,
2023,PVTRESD3,PVTRESD3,1,review_keep,2.4,
2023,QSTLANG,QSTLANG,1,review_keep,3.2,
2023,QSTVER,QSTVER,1,review_keep,2.9,
2023,RENTHOM1,RENTHOM1,1,review_keep,3.7,
2023,SAFETIME,SAFETIME,1,review_keep,2.4,
2023,SDNATES1,SDNATES1,1,review_keep,3.128571428571429,
2023,SEATBELT,SEATBELT,1,review_keep,3.6,
2023,SEQNO,SEQNO,1,review_keep,2.9,
2023,SEXVAR,SEXVAR,1,review_keep,2.9,
2023,SHINGLE2,SHINGLE2,1,review_keep,3.7,
2023,SIGMTES1,SIGMTES1,1,review_keep,2.9,
2023,SMALSTOL,SMALSTOL,1,review_keep,3.1,
2023,SMOKDAY2,SMOKDAY2,1,review_keep,3.7,
2023,SMOKE100,SMOKE100,1,review_keep,3.1,
2023,STOLTEST,STOLTEST,1,review_keep,3.128571428571429,
2023,STOOLDN2,STOOLDN2,1,review_keep,3.1,
2023,STOPSMK2,STOPSMK2,1,review_keep,3.7,
2023,STRENGTH,STRENGTH,1,review_keep,2.9,
2023,SXORIENT,SOFEMALE,0,review_keep,1.164285714285714,
2023,SXORIENT,SOMALE,1,review_keep,1.214285714285714,
2023,TOLDHI3,TOLDHI3,1,review_keep,3.7,
2023,USENOW3,USENOW3,1,review_keep,2.9,
2023,VCLNTES2,VCLNTES2,1,review_keep,2.742857142857143,
2023,VETERAN3,VETERAN3,1,review_keep,3.2,
2023,VIRCOLO1,VIRCOLO1,1,review_keep,3.1,
2023,WEIGHT2,WEIGHT2,1,review_keep,3.2,
2023,WTKG3,WTKG3,1,review_keep,2.65,
2024,ADDEPEV3,ADDEPEV3,1,review_keep,3.5,
2024,ALCDAY4,ALCDAY4,1,review_keep,2.614285714285714,
2024,ARTHEXER,ARTHEXER,1,review_keep,2.9,
2024,ASTHMA3,ASTHMA3,1,review_keep,3.1,
2024,ASTHNOW,ASTHNOW,1,review_keep,3.5,
2024,AVEDRNK4,AVEDRNK4,1,review_keep,2.4,
2024,BLDSTFIT,BLDSTFIT,1,review_keep,3.5,
2024,BLIND,BLIND,1,review_keep,3.5,
2024,CAREGIV1,CAREGIV1,1,review_keep,3.06,
2024,CCLGHOUS,CCLGHOUS,1,review_keep,2.4,
2024,CDDISCU1,CDDISCU1,1,review_keep,3.5,
2024,CDHOUS1,CDHOUS1,1,review_keep,2.6,
2024,CDSOCIA1,CDSOCIA1,1,review_keep,3.5,
2024,CDWORRY,CDWORRY,1,review_keep,3.5,
2024,CELLSEX3,CELLSEX3,1,review_keep,1.56,
2024,CERVSCRN,CERVSCRN,1,review_keep,3.1,
2024,CHCCOPD3,CHCCOPD3,1,review_keep,3.5,
2024,CHCKDNY2,CHCKDNY2,1,review_keep,3.5,
2024,CHCOCNC1,CHCOCNC1,1,review_keep,3.5,
2024,CHCSCNC1,CHCSCNC1,1,review_keep,3.5,
2024,CHECKUP1,CHECKUP1,1,review_keep,3.242857142857143,
2024,CHILDREN,CHILDREN,1,review_keep,3.7,
2024,CIMEMLO1,CIMEMLO1,1,review_keep,3.1,
2024,COLGHOUS,COLGHOUS,1,review_keep,2.9,
2024,COLNCNCR,COLNCNCR,1,review_keep,3.1,
2024,COLNSIGM,COLNSIGM,1,review_keep,3.22,
2024,COLNTES1,COLNTES1,1,review_keep,3.128571428571429,
2024,CRGVALZD,CRGVALZD,1,review_keep,3.4,
2024,CRGVHOU2,CRGVHOU2,1,review_keep,3.5,
2024,CRGVHRS2,CRGVHRS2,1,review_keep,3.095,
2024,CRGVLNG2,CRGVLNG2,1,review_keep,3.166666666666667,
2024,CRGVNURS,CRGVNURS,1,review_keep,3.5,
2024,CRGVPER2,CRGVPER2,1,review_keep,3.5,
2024,CRGVPRB4,CRGVPRB4,1,review_keep,3.326666666666667,
2024,CRGVREL5,CRGVREL5,1,review_keep,3.46,
2024,CRGVREL5,RCSRLTN2,0,review_keep,1.05,
2024,CRVCLCNC,CRVCLCNC,1,review_keep,3.128571428571429,
2024,CRVCLHPV,CRVCLHPV,1,review_keep,3.5,
2024,CRVCLPAP,CRVCLPAP,1,review_keep,3.5,
2024,CVDCRHD4,CVDCRHD4,1,review_keep,3.5,
2024,CVDINFR4,CVDINFR4,1,review_keep,3.5,
2024,CVDSTRK3,CVDSTRK3,1,review_keep,3.5,
2024,DEAF,DEAF,1,review_keep,3.5,
2024,DECIDE,DECIDE,1,review_keep,3.5,
2024,DIABAGE4,DIABAGE4,1,review_keep,3.166666666666667,
2024,DIABETE4,DIABETE4,1,review_keep,3.033333333333333,
2024,DIFFALON,DIFFALON,1,review_keep,3.428571428571428,
2024,DIFFDRES,DIFFDRES,1,review_keep,3.5,
2024,DIFFWALK,DIFFWALK,1,review_keep,3.5,
2024,DISPCODE,DISPCODE,1,review_keep,2.9,
2024,DRNK3GE5,DRNK3GE5,1,review_keep,2.523809523809524,
2024,DRNKANY6,DRNKANY6,1,review_keep,2.866666666666666,
2024,ECIGNOW3,ECIGNOW3,1,review_keep,3.211111111111111,
2024,EDUCA,EDUCA,1,review_keep,1.742857142857143,
2024,EMPLOY1,EMPLOY1,1,review_keep,2.111111111111111,
2024,EXERANY2,EXERANY2,1,review_keep,3.5,
2024,FIREARM5,FIREARM5,1,review_keep,3.1,
2024,FLSHTMY3,FLSHTMY3,1,review_keep,2.757142857142857,
2024,FLUSHOT7,FLUSHOT7,1,review_keep,3.1,
2024,FMONTH,FMONTH,1,review_keep,3.7,
2024,GENHLTH,GENHLTH,1,review_keep,3.585714285714285,
2024,GUNLOAD,GUNLOAD,1,review_keep,3.1,
2024,HADHYST2,HADHYST2,1,review_keep,3.5,
2024,HADMAM,HADMAM,1,review_keep,3.1,
2024,HADSEX,HADSEX,1,review_keep,3.1,
2024,HADSIGM4,HADSIGM4,1,review_keep,2.6,
2024,HAVARTH4,HAVARTH4,1,review_keep,2.9,
2024,HEATTBCO,HEATTBCO,1,review_keep,3.5,
2024,HEIGHT3,HEIGHT3,1,review_keep,2.8,
2024,HHADULT,HHADULT,1,review_keep,3.027272727272727,
2024,HIVRISK5,HIVRISK5,1,review_keep,2.9,
2024,HIVTST7,HIVTST7,1,review_keep,3.1,
2024,HIVTSTD3_YEAR,HIVTSTD3,1,review_keep,1.246153846153846,
2024,HOWLONG,HOWLONG,1,review_keep,3.128571428571429,
2024,HTIN4,HTIN4,1,review_keep,2.4,
2024,HTM4,HTM4,1,review_keep,2.4,
2024,IDATE,IDATE,1,review_keep,2.9,
2024,IDAY,IDAY,1,review_keep,2.9,
2024,IMFVPLA5,IMFVPLA5,1,review_keep,3.357142857142857,
2024,IMONTH,IMONTH,1,review_keep,2.9,
2024,INCOME3,INCOME3,1,review_keep,2.961538461538462,
2024,IYEAR,IYEAR,1,review_keep,2.9,
2024,LADULT1,CADULT1,0,review_keep,1.342857142857143,
2024,LADULT1,LADULT1,1,review_keep,2.9,
2024,LANDLINE,LANDLINE,1,review_keep,3.5,
2024,LANDSEX3,LANDSEX3,1,review_keep,1.88,
2024,LASTDEN4,LASTDEN4,1,review_keep,2.9,
2024,LASTSIG4,LASTSIG4,1,review_keep,3.128571428571429,
2024,LASTSMK2,LASTSMK2,1,review_keep,2.9,
2024,LCSCTSC1,LCSCTSC1,1,review_keep,3.1,
2024,LCSCTWHN,LCSCTWHN,1,review_keep,3.1,
2024,LCSFIRST,LCSFIRST,1,review_keep,3.166666666666667,
2024,LCSNUMCG,LCSNUMCG,1,review_keep,3.3,
2024,LCSSCNCR,LCSSCNCR,1,review_keep,3.1,
2024,LOADULK2,LOADULK2,1,review_keep,3.5,
2024,MARIJAN1,MARIJAN1,1,review_keep,2.7,
2024,MARITAL,MARITAL,1,review_keep,2.2,
2024,MARJDAB,MARJDAB,1,review_keep,3.388888888888889,
2024,MARJEAT,MARJEAT,1,review_keep,3.416666666666667,
2024,MARJOTHR,MARJOTHR,1,review_keep,3.3,
2024,MARJSMOK,MARJSMOK,1,review_keep,3.5,
2024,MARJVAPE,MARJVAPE,1,review_keep,2.9,
2024,MAXDRNKS,MAXDRNKS,1,review_keep,3.166666666666667,
2024,MEDCOST1,MEDCOST1,1,review_keep,3.4,
2024,MENTCIGS,MENTCIGS,1,review_keep,3.5,
2024,MENTECIG,MENTECIG,1,review_keep,3.5,
2024,MENTHLTH,MENTHLTH,1,review_keep,3.433333333333333,
2024,NOBCUSE8,NOBCUSE8,1,review_keep,3.05,
2024,NUMADULT,NUMADULT,1,review_keep,2.547058823529412,
2024,NUMHHOL4,NUMHHOL4,1,review_keep,3.033333333333333,
2024,NUMPHON4,NUMPHON4,1,review_keep,3.077777777777778,
2024,PDIABTS1,PDIABTS1,1,review_keep,3.166666666666667,
2024,PERSDOC3,PERSDOC3,1,review_keep,3.54,
2024,PFPPRVN4,PFPPRVN4,1,review_keep,3.1,
2024,PHYSHLTH,PHYSHLTH,1,review_keep,3.433333333333333,
2024,PNEUVAC4,PNEUVAC4,1,review_keep,3.166666666666667,
2024,POORHLTH,POORHLTH,1,review_keep,3.433333333333333,
2024,PREDIAB2,PREDIAB2,1,review_keep,3.54,
2024,PREGNANT,PREGNANT,1,review_keep,3,
2024,PRIMINS2,PRIMINS2,1,review_keep,3.058974358974359,
2024,PVTRESD1,PVTRESD1,1,review_keep,2.9,
2024,PVTRESD3,PVTRESD3,1,review_keep,2.4,
2024,QSTLANG,QSTLANG,1,review_keep,3.2,
2024,QSTVER,QSTVER,1,review_keep,2.9,
2024,RENTHOM1,RENTHOM1,1,review_keep,3.54,
2024,RMVTETH4,RMVTETH4,1,review_keep,3.433333333333333,
2024,SAFETIME,SAFETIME,1,review_keep,2.4,
2024,SDNATES1,SDNATES1,1,review_keep,3.128571428571429,
2024,SEQNO,SEQNO,1,review_keep,2.9,
2024,SEXVAR,SEXVAR,1,review_keep,2.9,
2024,SIGMTES1,SIGMTES1,1,review_keep,2.9,
2024,SMALSTOL,SMALSTOL,1,review_keep,3.1,
2024,SMOKDAY2,SMOKDAY2,1,review_keep,3.54,
2024,SMOKE100,SMOKE100,1,review_keep,3.1,
2024,SSBFRUT3,SSBFRUT3,1,review_keep,3.166666666666667,
2024,SSBSUGR2,SSBSUGR2,1,review_keep,2.9,
2024,STOLTEST,STOLTEST,1,review_keep,3.128571428571429,
2024,STOOLDN2,STOOLDN2,1,review_keep,3.1,
2024,STOPSMK2,STOPSMK2,1,review_keep,3.5,
2024,SXORIENT,SOFEMALE,0,review_keep,1.164285714285714,
2024,SXORIENT,SOMALE,1,review_keep,1.214285714285714,
2024,TYPCNTR9,TYPCNTR9,1,review_keep,2.9,
2024,USENOW3,USENOW3,1,review_keep,2.9,
2024,VCLNTES2,VCLNTES2,1,review_keep,2.628571428571429,
2024,VETERAN3,VETERAN3,1,review_keep,3,
2024,VIRCOLO1,VIRCOLO1,1,review_keep,3.1,
2024,WEIGHT2,WEIGHT2,1,review_keep,2.8,
2024,WTKG3,WTKG3,1,review_keep,2.65,
